Year,Month,Week,Retail Code,Store Long Label,Turnover in EUR,Commercial Sales Quantity,Transactions (Scope Retail KPI),SPT in EUR,UPT
2022,February,W06,Q93,CLIENT SERVICE DENMARK,10 077,7,13,1 110,1
2022,April,W17,Q93,CLIENT SERVICE DENMARK,16 071,15,18,929,1
2022,June,W26,Q93,CLIENT SERVICE DENMARK,10 141,13,15,839,1
2022,April,W14,A90,CLIENT SERVICE FRANCE,187 844,269,225,889,1.24
2022,May,W21,A90,CLIENT SERVICE FRANCE,178 956,231,243,805,1.01
2022,June,W22,A90,CLIENT SERVICE FRANCE,118 908,139,156,865,1.01
2022,June,W26,A90,CLIENT SERVICE FRANCE,110 993,147,160,816,1.01
2022,July,W28,A90,CLIENT SERVICE FRANCE,154 474,166,177,919,1.01
2022,September,W36,A90,CLIENT SERVICE FRANCE,117 005,195,208,629,1.02
2022,October,W42,A90,CLIENT SERVICE FRANCE,30 067,48,46,690,1
2022,June,W22,J90,CLIENT SERVICE GER,88 702,95,137,964,1.01
2022,September,W39,J90,CLIENT SERVICE GER,118 567,150,195,835,1.02
2022,March,W10,F91,CLIENT SERVICE IRELAND,3 642,6,9,881,1
2022,April,W16,F91,CLIENT SERVICE IRELAND,15 561,17,15,1 037,1.07
2022,June,W22,F91,CLIENT SERVICE IRELAND,9 764,11,11,888,1
2022,June,W25,F91,CLIENT SERVICE IRELAND,7 102,8,9,869,1
2022,July,W30,F91,CLIENT SERVICE IRELAND,14 780,11,12,1 320,1
2022,July,W31,F91,CLIENT SERVICE IRELAND,3 309,3,3,1 103,1
2022,January,W03,H90,CLIENT SERVICE ITA,220 699,301,327,750,1
2022,July,W30,H90,CLIENT SERVICE ITA,211 236,244,246,890,1
2022,August,W34,H90,CLIENT SERVICE ITA,154 655,179,182,886,1.02
2022,September,W37,H90,CLIENT SERVICE ITA,168 897,199,205,866,1.01
2022,September,W39,H90,CLIENT SERVICE ITA,183 901,203,210,938,1.01
2022,October,W42,H90,CLIENT SERVICE ITA,51 795,53,53,989,1
2022,January,W04,A91,CLIENT SERVICE MONACO,329,1,1,329,1
2022,February,W07,A91,CLIENT SERVICE MONACO,3 171,2,2,1 585,1
2022,February,W08,A91,CLIENT SERVICE MONACO,1 667,1,1,1 667,1
2022,January,W02,I93,CLIENT SERVICE NETHERLAND ,49 926,58,69,799,1
2022,April,W16,I93,CLIENT SERVICE NETHERLAND ,45 727,46,44,1 164,1.14
2022,May,W21,I93,CLIENT SERVICE NETHERLAND ,43 901,57,61,883,1
2022,July,W27,I93,CLIENT SERVICE NETHERLAND ,32 888,35,41,945,1
2022,August,W31,I93,CLIENT SERVICE NETHERLAND ,34 293,30,39,1 184,1
2022,August,W33,I93,CLIENT SERVICE NETHERLAND ,22 479,30,34,812,1
2022,September,W35,I93,CLIENT SERVICE NETHERLAND ,8 000,8,14,1 172,1
2022,October,W42,I93,CLIENT SERVICE NETHERLAND ,12 769,12,12,1 064,1
2022,March,W09,K90,CLIENT SERVICE SPA,49 455,49,51,1 002,1
2022,April,W13,K90,CLIENT SERVICE SPA,3 446,6,7,669,1
2022,June,W24,K90,CLIENT SERVICE SPA,73 517,78,77,988,1.03
2022,July,W28,K90,CLIENT SERVICE SPA,86 533,80,90,1 060,1
2022,July,W29,K90,CLIENT SERVICE SPA,62 649,65,62,1 052,1.06
2022,July,W31,K90,CLIENT SERVICE SPA,11 913,12,12,993,1
2022,January,W04,Q92,CLIENT SERVICE SWEDEN,39 783,42,44,939,1
2022,March,W11,Q92,CLIENT SERVICE SWEDEN,22 845,29,30,771,1
2022,August,W35,Q92,CLIENT SERVICE SWEDEN,16 598,18,19,892,1
2022,January,W04,F90,CLIENT SERVICE UK,257 484,259,296,1 015,1
2022,June,W22,F90,CLIENT SERVICE UK,62 247,45,55,1 345,1
2022,June,W23,F90,CLIENT SERVICE UK,257 321,270,299,980,1.01
2022,July,W28,F90,CLIENT SERVICE UK,174 731,175,209,1 034,1.01
2022,October,W40,F90,CLIENT SERVICE UK,318 431,299,328,1 107,1.02
2022,April,W17,G90,CLIENT SERVICEAUSTRIA,35 821,37,40,989,1
2022,May,W21,G90,CLIENT SERVICEAUSTRIA,31 450,30,36,1 039,1
2022,June,W22,G90,CLIENT SERVICEAUSTRIA,25 204,22,25,1 084,1
2022,July,W26,G90,CLIENT SERVICEAUSTRIA,1 229,1,3,1 146,1
2022,July,W28,G90,CLIENT SERVICEAUSTRIA,24 112,25,30,998,1.03
2022,September,W35,G90,CLIENT SERVICEAUSTRIA,10 308,9,9,1 247,1
2022,October,W40,G90,CLIENT SERVICEAUSTRIA,33 917,32,34,1 076,1
2022,January,W05,I92,CLIENTSERVICE BELGIUM,14 707,11,11,1 337,1
2022,April,W15,I92,CLIENTSERVICE BELGIUM,54 617,57,62,951,1
2022,July,W29,I92,CLIENTSERVICE BELGIUM,46 161,43,44,1 061,1
2022,August,W35,I92,CLIENTSERVICE BELGIUM,44 635,28,29,1 548,1
2022,September,W35,I92,CLIENTSERVICE BELGIUM,14 008,14,15,1 006,1
2022,February,W07,Q91,CLIENTSERVICE FINLAND,2 690,4,4,672,1
2022,March,W11,Q91,CLIENTSERVICE FINLAND,8 008,4,6,1 663,1
2022,March,W13,Q91,CLIENTSERVICE FINLAND,-1 012,3,4,654,1
2022,April,W17,Q91,CLIENTSERVICE FINLAND,3 742,4,4,935,1
2022,May,W21,Q91,CLIENTSERVICE FINLAND,5 652,11,11,514,1
2022,July,W28,Q91,CLIENTSERVICE FINLAND,7 556,5,8,1 318,1
2022,July,W31,Q91,CLIENTSERVICE FINLAND,1 532,2,1,1 532,1
2022,September,W35,Q91,CLIENTSERVICE FINLAND,-306,2,3,301,1
2022,January,W04,I91,CLIENTSERVICE LUXEMBOURG ,2 141,5,5,787,1
2022,March,W11,I91,CLIENTSERVICE LUXEMBOURG ,8 902,9,9,989,1
2022,May,W19,I91,CLIENTSERVICE LUXEMBOURG ,16 650,8,8,2 081,1
2022,May,W22,I91,CLIENTSERVICE LUXEMBOURG ,4 479,0,2,2 585,1
2022,June,W25,I91,CLIENTSERVICE LUXEMBOURG ,2 051,1,2,1 316,1
2022,July,W28,I91,CLIENTSERVICE LUXEMBOURG ,3 043,5,5,609,1
2022,August,W31,I91,CLIENTSERVICE LUXEMBOURG ,1 192,3,3,554,1
2022,January,W04,Q90,Client Service Russia,90 365,105,110,927,1.04
2022,March,W11,Q90,Client Service Russia,-404,-2,0,,
2022,April,W16,Q90,Client Service Russia,48 207,-1,0,,
2022,October,W40,Q90,Client Service Russia,-688,-1,0,,
2022,February,W08,WAT,WEB Austria,208 647,318,369,683,1.01
2022,February,W09,WAT,WEB Austria,77 886,117,118,714,1.01
2022,March,W10,WAT,WEB Austria,212 066,289,307,760,1.01
2022,June,W22,WAT,WEB Austria,110 547,150,176,785,1.01
2022,July,W28,WAT,WEB Austria,180 000,248,289,732,1
2022,July,W30,WAT,WEB Austria,216 116,277,310,794,1
2022,September,W36,WAT,WEB Austria,211 434,317,345,690,1.01
2022,September,W37,WAT,WEB Austria,234 295,331,372,743,1.01
2022,January,W04,WBE,WEB Belgium,221 446,328,343,702,1.01
2022,February,W08,WBE,WEB Belgium,158 878,237,263,699,1
2022,April,W16,WBE,WEB Belgium,166 351,259,271,666,1.01
2022,May,W20,WBE,WEB Belgium,146 142,232,246,668,1.01
2022,May,W21,WBE,WEB Belgium,189 204,266,275,726,1.01
2022,June,W26,WBE,WEB Belgium,152 562,213,225,710,1
2022,July,W27,WBE,WEB Belgium,144 045,215,239,674,1.01
2022,July,W30,WBE,WEB Belgium,124 068,180,194,747,1.02
2022,January,W02,WDK,WEB Denmark,169 540,254,301,654,1
2022,January,W04,WDK,WEB Denmark,176 810,275,306,644,1
2022,February,W07,WDK,WEB Denmark,263 663,325,344,809,1
2022,March,W13,WDK,WEB Denmark,138 896,178,205,776,1.01
2022,September,W39,WDK,WEB Denmark,88 317,151,166,624,1.02
2022,March,W13,WFR,WEB FRANCE,575 450,902,963,656,1
2022,July,W30,WFR,WEB FRANCE,827 648,1 435,1 478,605,1.01
2022,July,W31,WFR,WEB FRANCE,9 821,16,16,614,1
2022,September,W37,WFR,WEB FRANCE,784 702,1 418,1 484,570,1.01
2022,September,W38,WFR,WEB FRANCE,764 300,1 475,1 582,545,1.01
2022,January,W02,WFI,WEB Finland,97 414,135,141,730,1.01
2022,January,W03,WFI,WEB Finland,92 641,147,163,651,1.01
2022,March,W09,WFI,WEB Finland,43 407,56,64,782,1
2022,March,W11,WFI,WEB Finland,42 040,63,81,646,1
2022,May,W21,WFI,WEB Finland,115 546,152,162,787,1.01
2022,July,W26,WFI,WEB Finland,8 242,13,13,634,1
2022,August,W34,WFI,WEB Finland,65 905,83,94,774,1
2022,January,W02,WDE,WEB GERMANY,2 240 739,3 154,4 350,714,1.01
2022,March,W10,WDE,WEB GERMANY,2 198 066,3 017,3 617,742,1.01
2022,July,W28,WDE,WEB GERMANY,1 866 598,2 479,2 962,759,1.01
2022,September,W36,WDE,WEB GERMANY,1 744 070,2 639,3 090,705,1.01
2022,October,W42,WDE,WEB GERMANY,975 976,1 393,1 436,727,1.01
2022,January,W02,WIT,WEB ITALY,980 314,1 444,1 498,706,1.01
2022,January,W04,WIT,WEB ITALY,767 523,1 219,1 237,665,1.01
2022,January,W05,WIT,WEB ITALY,332 203,501,491,711,1.01
2022,April,W13,WIT,WEB ITALY,206 708,237,242,872,1
2022,May,W18,WIT,WEB ITALY,1 231 791,1 654,1 700,770,1
2022,May,W19,WIT,WEB ITALY,990 897,1 426,1 466,732,1.01
2022,June,W22,WIT,WEB ITALY,522 033,671,713,793,1.01
2022,July,W29,WIT,WEB ITALY,917 328,1 420,1 457,669,1
2022,July,W30,WIT,WEB ITALY,754 827,1 161,1 198,679,1.01
2022,February,W05,WIE,WEB Ireland,81 101,131,133,663,1
2022,February,W08,WIE,WEB Ireland,148 805,164,180,889,1.01
2022,March,W13,WIE,WEB Ireland,92 203,128,129,755,1.01
2022,May,W22,WIE,WEB Ireland,51 425,80,82,726,1.01
2022,June,W26,WIE,WEB Ireland,38 898,63,67,636,1
2022,July,W29,WIE,WEB Ireland,74 654,93,106,874,1.01
2022,August,W31,WIE,WEB Ireland,89 084,107,111,845,1.01
2022,August,W35,WIE,WEB Ireland,56 023,78,80,774,1.03
2022,January,W01,WLU,WEB Luxembourg,27 364,41,44,737,1.02
2022,January,W05,WLU,WEB Luxembourg,12 177,18,17,716,1
2022,March,W11,WLU,WEB Luxembourg,13 408,18,21,698,1
2022,June,W22,WLU,WEB Luxembourg,10 932,12,15,863,1
2022,May,W22,WLU,WEB Luxembourg,6 756,15,16,641,1
2022,June,W26,WLU,WEB Luxembourg,16 004,22,25,728,1
2022,July,W27,WLU,WEB Luxembourg,14 342,27,27,531,1
2022,July,W30,WLU,WEB Luxembourg,12 654,21,22,610,1
2022,August,W35,WLU,WEB Luxembourg,8 846,10,10,885,1
2022,September,W36,WLU,WEB Luxembourg,28 594,25,26,1 112,1
2022,April,W16,WMO,WEB Monaco,592,1,1,592,1
2022,September,W38,WMO,WEB Monaco,2 017,3,4,754,1
2022,February,W05,WNL,WEB Netherland,236 336,421,466,612,1.01
2022,March,W09,WNL,WEB Netherland,294 748,426,488,712,1.01
2022,March,W11,WNL,WEB Netherland,352 028,497,587,723,1
2022,April,W17,WNL,WEB Netherland,424 058,627,685,696,1.01
2022,May,W18,WNL,WEB Netherland,506 764,741,814,700,1.01
2022,January,W01,WRU,WEB Russie,12 323,51,27,519,1
2022,February,W05,WRU,WEB Russie,190 770,294,294,714,1.06
2022,February,W06,WRU,WEB Russie,372 388,584,576,698,1.07
2022,March,W13,WRU,WEB Russie,-1 019,-5,0,,
2022,January,W01,WSP,WEB SPAIN,544 862,770,804,722,1.01
2022,February,W06,WSP,WEB SPAIN,383 837,555,569,709,1
2022,March,W09,WSP,WEB SPAIN,215 426,229,248,927,1.01
2022,April,W13,WSP,WEB SPAIN,76 112,78,83,982,1
2022,July,W31,WSP,WEB SPAIN,36 847,43,43,857,1
2022,February,W05,WSA,WEB Saudi Arabia,43 036,72,77,589,1
2022,February,W06,WSA,WEB Saudi Arabia,83 968,147,149,604,1.01
2022,February,W07,WSA,WEB Saudi Arabia,72 356,150,152,512,1.01
2022,March,W12,WSA,WEB Saudi Arabia,48 430,69,72,725,1.04
2022,April,W15,WSA,WEB Saudi Arabia,53 118,93,97,605,1.03
2022,May,W20,WSA,WEB Saudi Arabia,41 613,63,81,695,1.04
2022,June,W23,WSA,WEB Saudi Arabia,45 179,90,111,544,1.03
2022,June,W26,WSA,WEB Saudi Arabia,43 166,60,70,732,1.03
2022,September,W37,WSA,WEB Saudi Arabia,55 805,80,84,726,1.01
2022,October,W42,WSA,WEB Saudi Arabia,4 217,7,6,703,1
2022,January,W52,WSA,WEB Saudi Arabia,12 854,32,27,476,1.07
2022,February,W05,WSE,WEB Sweden,118 222,212,236,583,1
2022,February,W06,WSE,WEB Sweden,239 867,387,414,640,1
2022,February,W08,WSE,WEB Sweden,168 424,235,268,732,1.01
2022,April,W17,WSE,WEB Sweden,233 185,321,378,742,1
2022,May,W18,WSE,WEB Sweden,278 365,362,399,790,1.01
2022,May,W20,WSE,WEB Sweden,196 064,289,324,694,1
2022,July,W27,WSE,WEB Sweden,191 268,276,301,722,1.01
2022,July,W30,WSE,WEB Sweden,171 536,237,262,751,1.01
2022,July,W31,WSE,WEB Sweden,25 565,47,47,544,1
2022,February,W08,WUK,WEB UNITED KINGDOM,1 857 515,2 677,2 984,741,1.01
2022,April,W16,WUK,WEB UNITED KINGDOM,2 035 093,2 714,3 004,787,1.01
2022,May,W19,WUK,WEB UNITED KINGDOM,2 044 154,2 959,3 325,733,1
2022,September,W35,WUK,WEB UNITED KINGDOM,414 788,672,791,675,1.01
2022,September,W36,WUK,WEB UNITED KINGDOM,1 519 046,2 495,2 648,653,1.01
2022,February,W07,WAE,WEB United Arab Emirates,185 361,253,251,782,1.01
2022,March,W09,WAE,WEB United Arab Emirates,89 255,121,122,799,1.02
2022,March,W10,WAE,WEB United Arab Emirates,118 503,164,158,795,1.04
2022,April,W14,WAE,WEB United Arab Emirates,123 397,165,160,815,1.05
2022,April,W16,WAE,WEB United Arab Emirates,161 261,155,158,1 077,1.03
2022,May,W20,WAE,WEB United Arab Emirates,125 394,161,170,839,1.04
2022,September,W36,WAE,WEB United Arab Emirates,116 815,142,133,913,1.05
2022,February,W05,Q93,CLIENT SERVICE DENMARK,5 994,11,17,693,1
2022,March,W09,Q93,CLIENT SERVICE DENMARK,10 634,11,14,903,1
2022,March,W11,Q93,CLIENT SERVICE DENMARK,17 875,18,21,1 004,1
2022,March,W12,Q93,CLIENT SERVICE DENMARK,9 822,11,14,921,1
2022,April,W15,Q93,CLIENT SERVICE DENMARK,25 965,24,24,1 082,1
2022,May,W20,Q93,CLIENT SERVICE DENMARK,13 956,11,12,1 224,1
2022,June,W23,Q93,CLIENT SERVICE DENMARK,18 373,21,21,875,1
2022,June,W25,Q93,CLIENT SERVICE DENMARK,25 992,25,29,1 059,1.03
2022,August,W33,Q93,CLIENT SERVICE DENMARK,12 808,14,15,925,1
2022,March,W09,A90,CLIENT SERVICE FRANCE,100 415,136,145,733,1
2022,May,W20,A90,CLIENT SERVICE FRANCE,149 209,198,207,793,1.01
2022,January,W01,J90,CLIENT SERVICE GER,239 651,294,397,803,1.01
2022,March,W10,J90,CLIENT SERVICE GER,194 277,199,238,1 022,1.01
2022,April,W13,J90,CLIENT SERVICE GER,40 403,41,53,985,1.02
2022,April,W16,J90,CLIENT SERVICE GER,166 429,160,202,1 038,1
2022,May,W18,J90,CLIENT SERVICE GER,280 147,275,331,1 040,1
2022,May,W21,J90,CLIENT SERVICE GER,248 269,264,298,992,1.01
2022,August,W33,J90,CLIENT SERVICE GER,151 349,163,204,988,1
2022,August,W35,J90,CLIENT SERVICE GER,122 965,136,161,918,1.01
2022,October,W40,J90,CLIENT SERVICE GER,134 479,145,182,947,1.01
2022,February,W05,F91,CLIENT SERVICE IRELAND,16,1,5,634,1
2022,March,W11,F91,CLIENT SERVICE IRELAND,12 752,15,14,945,1
2022,September,W37,F91,CLIENT SERVICE IRELAND,13 659,14,13,1 051,1
2022,October,W40,F91,CLIENT SERVICE IRELAND,15 252,21,18,847,1.06
2022,January,W05,H90,CLIENT SERVICE ITA,85 131,90,95,943,1
2022,March,W11,H90,CLIENT SERVICE ITA,195 093,212,224,938,1.01
2022,April,W13,H90,CLIENT SERVICE ITA,58 881,62,65,932,1
2022,May,W18,H90,CLIENT SERVICE ITA,206 097,223,234,960,1
2022,May,W21,H90,CLIENT SERVICE ITA,226 786,252,256,908,1
2022,August,W35,H90,CLIENT SERVICE ITA,90 959,107,105,916,1
2022,February,W05,A91,CLIENT SERVICE MONACO,492,1,1,492,1
2022,January,W01,I93,CLIENT SERVICE NETHERLAND ,49 826,67,72,817,1.06
2022,January,W04,I93,CLIENT SERVICE NETHERLAND ,51 883,67,78,834,1
2022,February,W08,I93,CLIENT SERVICE NETHERLAND ,40 021,44,49,939,1
2022,July,W29,I93,CLIENT SERVICE NETHERLAND ,40 454,44,49,902,1
2022,July,W31,I93,CLIENT SERVICE NETHERLAND ,10 190,13,13,784,1
2022,August,W34,I93,CLIENT SERVICE NETHERLAND ,39 988,41,44,1 039,1
2022,September,W37,I93,CLIENT SERVICE NETHERLAND ,40 847,39,44,1 033,1.05
2022,October,W40,I93,CLIENT SERVICE NETHERLAND ,29 897,31,39,933,1
2022,January,W05,K90,CLIENT SERVICE SPA,1 983,4,6,944,1
2022,February,W07,K90,CLIENT SERVICE SPA,47 632,43,49,1 052,1
2022,March,W13,K90,CLIENT SERVICE SPA,53 124,51,56,1 072,1
2022,June,W22,K90,CLIENT SERVICE SPA,54 286,48,52,1 142,1.04
2022,June,W23,K90,CLIENT SERVICE SPA,57 640,60,67,990,1
2022,August,W34,K90,CLIENT SERVICE SPA,56 467,51,51,1 182,1.06
2022,October,W41,K90,CLIENT SERVICE SPA,75 847,83,80,1 025,1.08
2022,October,W42,K90,CLIENT SERVICE SPA,36 070,28,29,1 271,1
2022,January,W05,Q92,CLIENT SERVICE SWEDEN,4 294,4,4,1 074,1
2022,April,W16,Q92,CLIENT SERVICE SWEDEN,19 140,16,19,1 180,1
2022,May,W20,Q92,CLIENT SERVICE SWEDEN,25 901,31,29,893,1.03
2022,June,W25,Q92,CLIENT SERVICE SWEDEN,15 101,11,17,1 154,1
2022,June,W26,Q92,CLIENT SERVICE SWEDEN,13 715,10,12,1 267,1
2022,July,W29,Q92,CLIENT SERVICE SWEDEN,11 819,17,15,805,1.07
2022,August,W32,Q92,CLIENT SERVICE SWEDEN,25 495,25,26,1 045,1
2022,October,W40,Q92,CLIENT SERVICE SWEDEN,13 301,18,20,809,1
2022,February,W05,F90,CLIENT SERVICE UK,82 623,106,142,900,1.01
2022,January,W05,F90,CLIENT SERVICE UK,124 197,124,123,1 061,1.02
2022,March,W11,F90,CLIENT SERVICE UK,268 411,255,282,1 073,1
2022,April,W13,F90,CLIENT SERVICE UK,41 059,40,42,1 233,1.14
2022,March,W13,F90,CLIENT SERVICE UK,268 403,266,303,1 036,1.01
2022,May,W18,F90,CLIENT SERVICE UK,274 863,256,292,1 107,1
2022,June,W25,F90,CLIENT SERVICE UK,254 644,242,288,1 048,1
2022,July,W26,F90,CLIENT SERVICE UK,30 545,38,45,818,1
2022,August,W34,F90,CLIENT SERVICE UK,213 715,192,223,1 157,1.01
2022,September,W39,F90,CLIENT SERVICE UK,269 644,283,311,978,1.01
2022,October,W41,F90,CLIENT SERVICE UK,216 113,249,271,912,1.01
2022,March,W10,G90,CLIENT SERVICEAUSTRIA,15 955,20,22,896,1
2022,March,W13,G90,CLIENT SERVICEAUSTRIA,27 717,27,30,1 017,1.03
2022,June,W26,G90,CLIENT SERVICEAUSTRIA,17 567,19,25,1 033,1
2022,October,W42,G90,CLIENT SERVICEAUSTRIA,2 717,5,6,731,1
2022,March,W09,I92,CLIENTSERVICE BELGIUM,35 660,35,36,1 058,1
2022,July,W28,I92,CLIENTSERVICE BELGIUM,46 380,38,41,1 178,1
2022,August,W33,I92,CLIENTSERVICE BELGIUM,49 583,37,38,1 444,1
2022,August,W34,I92,CLIENTSERVICE BELGIUM,27 747,32,32,921,1
2022,August,W35,Q91,CLIENTSERVICE FINLAND,4 597,1,1,4 597,1
2022,September,W37,Q91,CLIENTSERVICE FINLAND,9 250,9,9,1 028,1
2022,January,W01,I91,CLIENTSERVICE LUXEMBOURG ,2 440,4,4,610,1
2022,March,W09,I91,CLIENTSERVICE LUXEMBOURG ,6 368,5,5,1 274,1
2022,June,W26,I91,CLIENTSERVICE LUXEMBOURG ,1 483,2,2,741,1
2022,August,W33,I91,CLIENTSERVICE LUXEMBOURG ,3 761,3,3,1 254,1
2022,September,W36,I91,CLIENTSERVICE LUXEMBOURG ,8 179,6,5,1 636,1.2
2022,October,W42,I91,CLIENTSERVICE LUXEMBOURG ,2 021,2,2,1 011,1
2022,March,W10,Q90,Client Service Russia,1 234,0,2,1 253,1
2022,July,W29,Q90,Client Service Russia,41 310,-1,0,,
2022,February,W07,WAT,WEB Austria,328 587,437,460,781,1.02
2022,January,W05,WBE,WEB Belgium,76 426,123,129,625,1
2022,March,W10,WBE,WEB Belgium,185 084,246,261,764,1.01
2022,April,W13,WBE,WEB Belgium,45 876,48,54,929,1
2022,June,W22,WBE,WEB Belgium,105 674,162,172,682,1.01
2022,June,W25,WBE,WEB Belgium,183 800,261,282,695,1
2022,July,W26,WBE,WEB Belgium,21 682,32,33,741,1
2022,September,W39,WBE,WEB Belgium,120 071,182,204,702,1
2022,October,W42,WBE,WEB Belgium,63 368,92,90,711,1
2022,February,W05,WDK,WEB Denmark,110 273,177,196,648,1
2022,January,W05,WDK,WEB Denmark,83 484,149,152,593,1
2022,March,W09,WDK,WEB Denmark,129 997,184,207,702,1
2022,April,W15,WDK,WEB Denmark,184 558,282,299,678,1
2022,May,W18,WDK,WEB Denmark,238 306,351,378,697,1
2022,May,W21,WDK,WEB Denmark,169 873,253,272,701,1.01
2022,May,W22,WDK,WEB Denmark,102 284,160,164,656,1.01
2022,June,W23,WDK,WEB Denmark,147 259,260,288,593,1
2022,June,W24,WDK,WEB Denmark,148 671,265,291,579,1.01
2022,July,W30,WDK,WEB Denmark,127 022,180,206,732,1
2022,August,W31,WDK,WEB Denmark,114 558,169,184,689,1.01
2022,September,W36,WDK,WEB Denmark,107 356,176,190,651,1.02
2022,March,W09,WFR,WEB FRANCE,653 588,1 094,1 172,617,1.01
2022,March,W12,WFR,WEB FRANCE,647 536,1 192,1 308,567,1
2022,May,W19,WFR,WEB FRANCE,983 673,1 650,1 785,619,1.01
2022,May,W20,WFR,WEB FRANCE,926 710,1 650,1 755,586,1
2022,June,W23,WFR,WEB FRANCE,980 041,1 746,1 823,591,1.01
2022,June,W26,WFR,WEB FRANCE,704 166,1 209,1 284,608,1.01
2022,August,W31,WFR,WEB FRANCE,937 265,1 514,1 604,643,1.01
2022,October,W39,WFR,WEB FRANCE,45 806,64,64,734,1.03
2022,January,W01,WFI,WEB Finland,74 896,142,173,618,1.01
2022,February,W05,WFI,WEB Finland,45 406,92,97,537,1
2022,February,W08,WFI,WEB Finland,106 827,137,142,799,1.02
2022,March,W13,WFI,WEB Finland,66 561,95,96,728,1
2022,April,W15,WFI,WEB Finland,51 294,84,101,666,1
2022,June,W24,WFI,WEB Finland,68 509,132,138,540,1.01
2022,July,W27,WFI,WEB Finland,85 595,130,144,684,1
2022,August,W32,WFI,WEB Finland,102 471,137,141,767,1.01
2022,January,W01,WDE,WEB GERMANY,2 691 837,4 136,5 406,664,1.01
2022,January,W05,WDE,WEB GERMANY,1 060 504,1 623,1 762,682,1.01
2022,June,W24,WDE,WEB GERMANY,2 115 430,2 948,3 646,732,1.01
2022,July,W27,WDE,WEB GERMANY,2 018 745,2 752,3 352,750,1.01
2022,July,W29,WDE,WEB GERMANY,2 029 379,2 671,3 255,762,1.01
2022,September,W39,WDE,WEB GERMANY,1 898 022,2 707,3 212,728,1.01
2022,March,W09,WIT,WEB ITALY,613 375,843,867,747,1.01
2022,August,W31,WIT,WEB ITALY,821 858,1 221,1 242,700,1
2022,August,W35,WIT,WEB ITALY,496 644,764,757,688,1.01
2022,January,W04,WIE,WEB Ireland,130 339,162,175,828,1.01
2022,March,W10,WIE,WEB Ireland,119 443,139,152,849,1
2022,April,W14,WIE,WEB Ireland,163 440,162,179,983,1
2022,April,W16,WIE,WEB Ireland,74 841,98,117,802,1.01
2022,July,W30,WIE,WEB Ireland,80 552,112,117,760,1
2022,September,W35,WIE,WEB Ireland,19 440,23,23,858,1.04
2022,February,W05,WLU,WEB Luxembourg,24 973,39,39,691,1
2022,February,W08,WLU,WEB Luxembourg,19 565,34,39,678,1
2022,September,W35,WLU,WEB Luxembourg,2 863,6,7,458,1
2022,January,W03,WMO,WEB Monaco,1 254,0,1,1 583,1
2022,April,W17,WMO,WEB Monaco,4 075,4,4,1 019,1
2022,May,W18,WMO,WEB Monaco,3 625,4,4,906,1
2022,June,W24,WMO,WEB Monaco,704,2,2,352,1
2022,June,W25,WMO,WEB Monaco,629,2,2,315,1
2022,October,W40,WMO,WEB Monaco,167,1,2,371,1
2022,October,W41,WMO,WEB Monaco,1 216,2,2,608,1
2022,March,W12,WNL,WEB Netherland,337 057,507,578,703,1.02
2022,August,W35,WNL,WEB Netherland,285 055,377,417,752,1
2022,September,W35,WNL,WEB Netherland,73 161,116,138,665,1.04
2022,September,W36,WNL,WEB Netherland,343 903,547,590,665,1.03
2022,May,W18,WRU,WEB Russie,64 925,-1,0,,
2022,June,W26,WRU,WEB Russie,-59 285,0,1,-88 247,1
2022,August,W33,WRU,WEB Russie,18 762,-1,0,,
2022,October,W41,WRU,WEB Russie,-7 642,-4,0,,
2022,February,W08,WSP,WEB SPAIN,272 003,354,378,782,1.01
2022,April,W15,WSP,WEB SPAIN,335 384,359,382,940,1.01
2022,April,W16,WSP,WEB SPAIN,329 669,404,412,844,1.01
2022,May,W19,WSP,WEB SPAIN,345 897,420,458,829,1
2022,June,W22,WSP,WEB SPAIN,199 521,224,237,906,1.02
2022,July,W30,WSP,WEB SPAIN,281 565,340,358,847,1
2022,October,W41,WSP,WEB SPAIN,371 648,443,452,855,1.01
2022,October,W42,WSP,WEB SPAIN,168 310,162,163,1 061,1.01
2022,January,W05,WSA,WEB Saudi Arabia,20 867,31,37,615,1
2022,February,W09,WSA,WEB Saudi Arabia,19 234,25,30,702,1
2022,March,W11,WSA,WEB Saudi Arabia,34 624,64,75,594,1.01
2022,March,W13,WSA,WEB Saudi Arabia,46 606,78,75,656,1.04
2022,April,W17,WSA,WEB Saudi Arabia,102 158,150,149,734,1.03
2022,May,W18,WSA,WEB Saudi Arabia,73 912,101,96,770,1.04
2022,May,W21,WSA,WEB Saudi Arabia,47 719,74,96,614,1.02
2022,May,W22,WSA,WEB Saudi Arabia,36 497,63,61,598,1
2022,July,W26,WSA,WEB Saudi Arabia,2 456,6,8,438,1
2022,August,W31,WSA,WEB Saudi Arabia,42 929,52,67,778,1.06
2022,August,W33,WSA,WEB Saudi Arabia,30 819,41,48,770,1.02
2022,March,W10,WSE,WEB Sweden,190 201,267,297,714,1
2022,May,W22,WSE,WEB Sweden,157 852,242,247,679,1.02
2022,June,W26,WSE,WEB Sweden,143 310,206,228,680,1
2022,July,W28,WSE,WEB Sweden,145 002,200,235,737,1
2022,August,W32,WSE,WEB Sweden,178 070,255,288,707,1
2022,August,W35,WSE,WEB Sweden,140 333,205,213,720,1
2022,February,W05,WUK,WEB UNITED KINGDOM,1 511 368,2 655,2 913,633,1.01
2022,March,W12,WUK,WEB UNITED KINGDOM,1 850 388,2 716,2 959,719,1.01
2022,April,W14,WUK,WEB UNITED KINGDOM,2 007 079,2 793,3 080,762,1.01
2022,May,W20,WUK,WEB UNITED KINGDOM,1 666 192,2 521,2 893,712,1.01
2022,June,W24,WUK,WEB UNITED KINGDOM,1 696 089,2 636,3 012,686,1.01
2022,July,W26,WUK,WEB UNITED KINGDOM,302 693,465,503,693,1
2022,July,W27,WUK,WEB UNITED KINGDOM,1 947 820,2 855,3 170,712,1
2022,August,W31,WUK,WEB UNITED KINGDOM,1 728 782,2 581,2 867,709,1
2022,August,W33,WUK,WEB UNITED KINGDOM,1 395 856,2 123,2 368,699,1.01
2022,January,W02,WAE,WEB United Arab Emirates,138 114,176,175,862,1.03
2022,March,W11,WAE,WEB United Arab Emirates,101 557,143,137,794,1.06
2022,March,W12,WAE,WEB United Arab Emirates,124 579,166,166,774,1.03
2022,May,W18,WAE,WEB United Arab Emirates,166 132,199,192,891,1.03
2022,May,W21,WAE,WEB United Arab Emirates,121 271,150,154,889,1.05
2022,September,W39,WAE,WEB United Arab Emirates,86 397,120,121,754,1.01
2022,January,W01,Q93,CLIENT SERVICE DENMARK,19 839,27,30,743,1
2022,January,W04,Q93,CLIENT SERVICE DENMARK,25 996,20,23,1 177,1
2022,May,W18,Q93,CLIENT SERVICE DENMARK,26 235,28,28,975,1
2022,July,W27,Q93,CLIENT SERVICE DENMARK,14 925,15,18,987,1.11
2022,August,W35,Q93,CLIENT SERVICE DENMARK,10 318,12,13,827,1
2022,January,W01,A90,CLIENT SERVICE FRANCE,216 219,381,361,687,1.17
2022,February,W05,A90,CLIENT SERVICE FRANCE,103 241,155,174,681,1.02
2022,February,W08,A90,CLIENT SERVICE FRANCE,158 095,209,229,781,1
2022,April,W13,A90,CLIENT SERVICE FRANCE,61 692,69,73,874,1
2022,May,W22,A90,CLIENT SERVICE FRANCE,66 629,89,102,776,1
2022,June,W24,A90,CLIENT SERVICE FRANCE,163 463,202,215,862,1
2022,July,W27,A90,CLIENT SERVICE FRANCE,159 192,184,208,873,1
2022,August,W34,A90,CLIENT SERVICE FRANCE,142 885,173,184,869,1.02
2022,September,W35,A90,CLIENT SERVICE FRANCE,66 135,90,97,795,1.04
2022,September,W37,A90,CLIENT SERVICE FRANCE,121 457,155,170,787,1.01
2022,October,W40,A90,CLIENT SERVICE FRANCE,170 717,228,230,768,1.01
2022,January,W03,J90,CLIENT SERVICE GER,249 147,260,325,921,1
2022,February,W05,J90,CLIENT SERVICE GER,169 878,184,229,939,1.01
2022,February,W09,J90,CLIENT SERVICE GER,56 286,45,48,1 339,1
2022,April,W17,J90,CLIENT SERVICE GER,283 361,246,303,1 189,1.03
2022,May,W20,J90,CLIENT SERVICE GER,188 902,198,267,1 044,1
2022,May,W22,J90,CLIENT SERVICE GER,109 347,118,134,942,1
2022,July,W31,J90,CLIENT SERVICE GER,20 219,20,20,1 068,1.05
2022,August,W32,J90,CLIENT SERVICE GER,194 609,212,260,1 006,1
2022,August,W34,J90,CLIENT SERVICE GER,193 425,202,236,976,1.01
2022,September,W37,J90,CLIENT SERVICE GER,220 319,228,257,1 006,1.01
2022,September,W38,J90,CLIENT SERVICE GER,147 118,168,212,931,1
2022,February,W08,F91,CLIENT SERVICE IRELAND,10 305,12,11,937,1
2022,March,W09,F91,CLIENT SERVICE IRELAND,6 691,7,9,1 028,1
2022,March,W12,F91,CLIENT SERVICE IRELAND,6 951,10,10,695,1
2022,April,W14,F91,CLIENT SERVICE IRELAND,16 786,17,20,968,1
2022,May,W18,F91,CLIENT SERVICE IRELAND,25 431,20,23,1 175,1
2022,June,W23,F91,CLIENT SERVICE IRELAND,6 793,15,14,793,1
2022,June,W24,F91,CLIENT SERVICE IRELAND,18 955,21,24,876,1
2022,October,W42,F91,CLIENT SERVICE IRELAND,163,1,1,163,1
2022,January,W01,H90,CLIENT SERVICE ITA,305 096,405,433,791,1.01
2022,February,W09,H90,CLIENT SERVICE ITA,34 619,39,39,917,1
2022,May,W22,H90,CLIENT SERVICE ITA,95 245,103,106,967,1.03
2022,July,W26,H90,CLIENT SERVICE ITA,16 381,18,19,957,1
2022,July,W27,H90,CLIENT SERVICE ITA,207 269,247,246,865,1.01
2022,July,W28,H90,CLIENT SERVICE ITA,192 957,187,190,1 039,1.01
2022,September,W35,H90,CLIENT SERVICE ITA,67 184,82,78,881,1
2022,September,W38,H90,CLIENT SERVICE ITA,171 339,204,206,884,1.01
2022,May,W20,A91,CLIENT SERVICE MONACO,1 458,1,1,1 458,1
2022,May,W21,A91,CLIENT SERVICE MONACO,917,1,1,917,1
2022,June,W24,A91,CLIENT SERVICE MONACO,842,2,2,421,1
2022,June,W25,A91,CLIENT SERVICE MONACO,792,1,1,792,1
2022,July,W28,A91,CLIENT SERVICE MONACO,1 167,1,1,1 167,1
2022,September,W36,A91,CLIENT SERVICE MONACO,246,1,1,246,1
2022,October,W41,A91,CLIENT SERVICE MONACO,10 250,5,5,2 050,1
2022,February,W07,I93,CLIENT SERVICE NETHERLAND ,52 717,62,80,866,1.01
2022,April,W13,I93,CLIENT SERVICE NETHERLAND ,5 851,2,4,1 839,1
2022,January,W01,K90,CLIENT SERVICE SPA,64 901,65,73,1 011,1
2022,January,W02,K90,CLIENT SERVICE SPA,57 413,66,84,879,1
2022,March,W11,K90,CLIENT SERVICE SPA,89 463,74,77,1 217,1
2022,July,W26,K90,CLIENT SERVICE SPA,5 979,6,8,980,1
2022,July,W30,K90,CLIENT SERVICE SPA,59 422,62,70,989,1
2022,August,W31,K90,CLIENT SERVICE SPA,36 182,35,42,1 069,1.02
2022,October,W40,K90,CLIENT SERVICE SPA,95 132,98,93,1 039,1.04
2022,February,W06,Q92,CLIENT SERVICE SWEDEN,22 149,30,32,785,1
2022,February,W07,Q92,CLIENT SERVICE SWEDEN,16 494,16,24,962,1
2022,March,W09,Q92,CLIENT SERVICE SWEDEN,9 401,15,17,764,1
2022,March,W12,Q92,CLIENT SERVICE SWEDEN,37 007,32,34,1 191,1.03
2022,April,W13,Q92,CLIENT SERVICE SWEDEN,6 143,7,8,1 005,1
2022,April,W14,Q92,CLIENT SERVICE SWEDEN,20 739,24,25,898,1.04
2022,July,W26,Q92,CLIENT SERVICE SWEDEN,5 565,6,6,928,1
2022,September,W37,Q92,CLIENT SERVICE SWEDEN,20 508,25,25,872,1
2022,February,W08,F90,CLIENT SERVICE UK,228 170,234,261,1 016,1
2022,March,W09,F90,CLIENT SERVICE UK,176 753,184,207,1 000,1
2022,April,W17,F90,CLIENT SERVICE UK,274 665,272,316,1 063,1
2022,June,W26,F90,CLIENT SERVICE UK,198 042,216,236,975,1
2022,August,W31,F90,CLIENT SERVICE UK,262 486,232,266,1 157,1.01
2022,September,W38,F90,CLIENT SERVICE UK,181 265,202,231,929,1
2022,January,W02,G90,CLIENT SERVICEAUSTRIA,40 789,42,49,926,1
2022,January,W05,G90,CLIENT SERVICEAUSTRIA,9 404,11,11,855,1
2022,February,W07,G90,CLIENT SERVICEAUSTRIA,23 432,23,32,940,1
2022,February,W09,G90,CLIENT SERVICEAUSTRIA,2 854,5,7,902,1
2022,March,W12,G90,CLIENT SERVICEAUSTRIA,36 667,35,38,990,1
2022,May,W19,G90,CLIENT SERVICEAUSTRIA,37 464,37,42,955,1
2022,June,W23,G90,CLIENT SERVICEAUSTRIA,20 075,30,32,802,1
2022,July,W30,G90,CLIENT SERVICEAUSTRIA,6 388,12,17,738,1
2022,October,W41,G90,CLIENT SERVICEAUSTRIA,42 346,39,41,1 129,1
2022,February,W08,I92,CLIENTSERVICE BELGIUM,56 173,43,45,1 261,1
2022,May,W18,I92,CLIENTSERVICE BELGIUM,70 962,75,78,926,1
2022,May,W19,I92,CLIENTSERVICE BELGIUM,56 921,63,64,920,1.02
2022,May,W22,I92,CLIENTSERVICE BELGIUM,20 862,20,24,953,1
2022,June,W26,I92,CLIENTSERVICE BELGIUM,31 971,39,39,871,1
2022,July,W27,I92,CLIENTSERVICE BELGIUM,29 587,35,38,834,1
2022,September,W38,I92,CLIENTSERVICE BELGIUM,35 894,35,41,1 028,1.02
2022,February,W09,Q91,CLIENTSERVICE FINLAND,1 169,1,1,1 169,1
2022,July,W26,Q91,CLIENTSERVICE FINLAND,1 508,2,2,754,1
2022,August,W32,Q91,CLIENTSERVICE FINLAND,11 569,12,12,964,1
2022,August,W33,Q91,CLIENTSERVICE FINLAND,3 742,6,7,765,1
2022,September,W39,Q91,CLIENTSERVICE FINLAND,1 794,4,4,670,1
2022,February,W07,I91,CLIENTSERVICE LUXEMBOURG ,684,0,1,1 709,1
2022,February,W09,I91,CLIENTSERVICE LUXEMBOURG ,1 966,2,2,983,1
2022,March,W10,I91,CLIENTSERVICE LUXEMBOURG ,4 590,8,7,656,1
2022,September,W37,I91,CLIENTSERVICE LUXEMBOURG ,3 967,5,5,793,1
2022,January,W05,Q90,Client Service Russia,25 505,43,43,771,1.14
2022,April,W15,Q90,Client Service Russia,40 512,-1,1,-25 122,1
2022,January,W05,WAT,WEB Austria,127 533,189,190,701,1.01
2022,February,W06,WAT,WEB Austria,258 813,395,423,669,1.01
2022,March,W12,WAT,WEB Austria,190 986,258,301,751,1.01
2022,May,W18,WAT,WEB Austria,354 528,463,503,790,1.01
2022,June,W24,WAT,WEB Austria,182 108,259,298,747,1.01
2022,July,W27,WAT,WEB Austria,299 755,423,446,733,1
2022,July,W29,WAT,WEB Austria,243 863,345,375,739,1.01
2022,August,W34,WAT,WEB Austria,181 886,255,286,748,1
2022,October,W40,WAT,WEB Austria,267 226,388,417,722,1
2022,January,W01,WBE,WEB Belgium,254 732,408,444,648,1.01
2022,January,W03,WBE,WEB Belgium,186 092,289,312,673,1
2022,February,W06,WBE,WEB Belgium,246 230,406,418,634,1
2022,February,W09,WBE,WEB Belgium,56 939,84,82,725,1.01
2022,March,W12,WBE,WEB Belgium,132 153,221,225,649,1.02
2022,March,W13,WBE,WEB Belgium,136 415,182,203,773,1
2022,May,W22,WBE,WEB Belgium,89 744,124,138,726,1
2022,October,W41,WBE,WEB Belgium,158 763,232,248,690,1
2022,January,W01,WDK,WEB Denmark,210 135,335,426,612,1
2022,July,W26,WDK,WEB Denmark,29 979,49,53,602,1
2022,July,W29,WDK,WEB Denmark,104 740,137,163,763,1
2022,August,W34,WDK,WEB Denmark,103 877,161,179,652,1.01
2022,January,W01,WFR,WEB FRANCE,1 112 570,2 271,2 585,507,1
2022,January,W05,WFR,WEB FRANCE,282 309,559,571,526,1
2022,March,W11,WFR,WEB FRANCE,765 135,1 445,1 512,578,1.01
2022,April,W13,WFR,WEB FRANCE,432 163,592,606,739,1.01
2022,April,W16,WFR,WEB FRANCE,708 758,1 176,1 256,633,1.01
2022,April,W17,WFR,WEB FRANCE,891 893,1 502,1 614,613,1
2022,June,W22,WFR,WEB FRANCE,455 602,776,876,610,1.01
2022,May,W22,WFI,WEB Finland,46 645,74,80,621,1
2022,July,W28,WFI,WEB Finland,55 452,99,105,600,1
2022,August,W33,WFI,WEB Finland,80 809,118,130,697,1.01
2022,August,W35,WFI,WEB Finland,82 445,90,93,903,1
2022,September,W37,WFI,WEB Finland,68 926,99,105,687,1.01
2022,February,W05,WDE,WEB GERMANY,1 543 415,2 643,3 140,640,1.01
2022,February,W09,WDE,WEB GERMANY,837 353,1 170,1 242,737,1
2022,April,W15,WDE,WEB GERMANY,2 007 349,2 828,3 577,747,1.01
2022,April,W17,WDE,WEB GERMANY,2 840 328,3 608,4 393,799,1.01
2022,May,W18,WDE,WEB GERMANY,3 107 616,4 100,4 804,782,1.01
2022,May,W22,WDE,WEB GERMANY,1 297 480,1 806,2 148,740,1.01
2022,July,W30,WDE,WEB GERMANY,2 101 946,2 856,3 361,754,1.01
2022,August,W34,WDE,WEB GERMANY,1 717 188,2 393,2 927,741,1
2022,September,W38,WDE,WEB GERMANY,1 861 341,2 574,3 099,740,1.01
2022,June,W25,WIT,WEB ITALY,836 669,1 211,1 266,708,1
2022,August,W33,WIT,WEB ITALY,491 683,848,832,626,1.01
2022,September,W35,WIT,WEB ITALY,242 592,363,376,688,1
2022,October,W42,WIT,WEB ITALY,291 568,441,430,687,1
2022,January,W03,WIE,WEB Ireland,106 431,144,189,758,1
2022,February,W07,WIE,WEB Ireland,286 762,324,319,924,1.02
2022,April,W17,WIE,WEB Ireland,104 546,134,145,780,1.01
2022,June,W22,WIE,WEB Ireland,49 106,66,71,751,1
2022,July,W28,WIE,WEB Ireland,87 839,107,109,841,1.01
2022,August,W34,WIE,WEB Ireland,78 734,129,132,655,1
2022,September,W38,WIE,WEB Ireland,82 023,124,125,698,1.01
2022,October,W40,WIE,WEB Ireland,77 565,105,114,769,1
2022,January,W02,WLU,WEB Luxembourg,17 137,37,40,573,1.03
2022,January,W04,WLU,WEB Luxembourg,39 465,56,54,731,1
2022,April,W16,WLU,WEB Luxembourg,29 818,28,30,1 037,1
2022,September,W37,WLU,WEB Luxembourg,17 346,31,31,572,1
2022,January,W01,WMO,WEB Monaco,733,3,3,244,1
2022,February,W05,WMO,WEB Monaco,4 463,4,4,1 116,1
2022,March,W13,WMO,WEB Monaco,2 708,3,3,903,1
2022,April,W14,WMO,WEB Monaco,3 257,5,5,651,1
2022,April,W15,WMO,WEB Monaco,2 200,2,2,1 100,1
2022,May,W21,WMO,WEB Monaco,1 475,2,2,738,1
2022,June,W22,WMO,WEB Monaco,363,1,1,363,1
2022,July,W29,WMO,WEB Monaco,254,1,1,254,1
2022,August,W33,WMO,WEB Monaco,208,1,1,208,1
2022,September,W36,WMO,WEB Monaco,888,3,3,296,1
2022,September,W37,WMO,WEB Monaco,7 775,8,7,1 111,1
2022,April,W15,WNL,WEB Netherland,387 431,556,626,728,1.02
2022,April,W16,WNL,WEB Netherland,332 773,507,578,685,1.01
2022,May,W21,WNL,WEB Netherland,529 465,747,798,725,1.01
2022,June,W25,WNL,WEB Netherland,413 661,616,700,692,1.01
2022,August,W34,WNL,WEB Netherland,325 422,523,565,645,1.01
2022,March,W10,WRU,WEB Russie,-11 980,-32,6,675,1
2022,April,W16,WRU,WEB Russie,21 614,-1,0,,
2022,May,W20,WRU,WEB Russie,87 336,-2,0,,
2022,June,W25,WRU,WEB Russie,250 356,-3,0,,
2022,July,W27,WRU,WEB Russie,164 110,-3,0,,
2022,September,W38,WRU,WEB Russie,35 452,-3,0,,
2022,January,W03,WSP,WEB SPAIN,291 182,387,471,777,1.01
2022,April,W14,WSP,WEB SPAIN,399 624,468,485,882,1.01
2022,May,W21,WSP,WEB SPAIN,374 066,411,437,923,1.01
2022,July,W26,WSP,WEB SPAIN,42 074,47,51,848,1
2022,July,W29,WSP,WEB SPAIN,315 114,359,389,877,1
2022,August,W31,WSP,WEB SPAIN,297 760,352,373,875,1.01
2022,January,W02,WSA,WEB Saudi Arabia,63 036,111,119,588,1.03
2022,April,W13,WSA,WEB Saudi Arabia,26 527,32,32,829,1
2022,June,W22,WSA,WEB Saudi Arabia,16 551,22,23,774,1
2022,June,W24,WSA,WEB Saudi Arabia,44 199,74,77,648,1.09
2022,August,W32,WSA,WEB Saudi Arabia,31 806,51,60,681,1.02
2022,September,W39,WSA,WEB Saudi Arabia,26 835,37,47,687,1.02
2022,October,W40,WSA,WEB Saudi Arabia,22 653,45,45,559,1
2022,January,W01,WSE,WEB Sweden,208 403,338,401,610,1
2022,January,W02,WSE,WEB Sweden,136 157,267,339,553,1.01
2022,March,W13,WSE,WEB Sweden,225 592,302,326,753,1
2022,May,W21,WSE,WEB Sweden,286 280,421,439,711,1
2022,June,W23,WSE,WEB Sweden,200 838,301,335,663,1
2022,August,W34,WSE,WEB Sweden,132 073,192,214,718,1.01
2022,February,W06,WUK,WEB UNITED KINGDOM,2 164 781,3 600,3 845,652,1
2022,July,W30,WUK,WEB UNITED KINGDOM,1 698 071,2 505,2 818,723,1
2022,August,W35,WUK,WEB UNITED KINGDOM,1 041 527,1 533,1 597,717,1
2022,September,W39,WUK,WEB UNITED KINGDOM,1 492 610,2 384,2 612,673,1.01
2022,February,W08,WAE,WEB United Arab Emirates,103 621,143,149,760,1.02
2022,May,W22,WAE,WEB United Arab Emirates,58 846,91,86,694,1.02
2022,June,W23,WAE,WEB United Arab Emirates,76 069,125,127,715,1.06
2022,July,W29,WAE,WEB United Arab Emirates,73 825,89,93,859,1.02
2022,July,W30,WAE,WEB United Arab Emirates,89 543,128,120,783,1.07
2022,August,W33,WAE,WEB United Arab Emirates,104 288,113,113,966,1.02
2022,October,W40,WAE,WEB United Arab Emirates,98 339,123,125,883,1.06
2022,February,W08,Q93,CLIENT SERVICE DENMARK,26 642,24,25,1 077,1
2022,March,W10,Q93,CLIENT SERVICE DENMARK,24 652,23,24,1 038,1
2022,April,W13,Q93,CLIENT SERVICE DENMARK,452,4,5,376,1
2022,March,W13,Q93,CLIENT SERVICE DENMARK,19 730,17,18,1 180,1
2022,April,W16,Q93,CLIENT SERVICE DENMARK,16 889,13,15,1 173,1
2022,May,W22,Q93,CLIENT SERVICE DENMARK,10 422,11,11,947,1
2022,June,W24,Q93,CLIENT SERVICE DENMARK,27 449,27,30,1 109,1
2022,August,W32,Q93,CLIENT SERVICE DENMARK,18 028,17,18,1 016,1
2022,March,W12,A90,CLIENT SERVICE FRANCE,141 778,169,189,841,1
2022,May,W19,A90,CLIENT SERVICE FRANCE,224 125,265,274,879,1
2022,July,W26,A90,CLIENT SERVICE FRANCE,37 525,42,47,949,1
2022,August,W33,A90,CLIENT SERVICE FRANCE,95 738,125,145,780,1
2022,August,W35,A90,CLIENT SERVICE FRANCE,81 587,92,106,851,1
2022,January,W02,J90,CLIENT SERVICE GER,197 723,264,348,782,1.01
2022,January,W04,J90,CLIENT SERVICE GER,439 316,411,461,1 061,1
2022,February,W06,J90,CLIENT SERVICE GER,192 513,207,260,927,1
2022,February,W07,J90,CLIENT SERVICE GER,280 664,275,324,995,1
2022,March,W09,J90,CLIENT SERVICE GER,182 601,148,193,1 130,1.01
2022,April,W15,J90,CLIENT SERVICE GER,306 155,305,369,982,1
2022,May,W19,J90,CLIENT SERVICE GER,221 874,234,292,1 000,1.01
2022,June,W26,J90,CLIENT SERVICE GER,129 794,151,186,867,1.01
2022,July,W27,J90,CLIENT SERVICE GER,201 291,237,279,851,1.01
2022,September,W35,J90,CLIENT SERVICE GER,55 609,61,67,949,1
2022,January,W02,F91,CLIENT SERVICE IRELAND,8 573,18,21,577,1
2022,May,W19,F91,CLIENT SERVICE IRELAND,13 976,15,17,956,1
2022,July,W26,F91,CLIENT SERVICE IRELAND,-321,-1,0,,
2022,July,W27,F91,CLIENT SERVICE IRELAND,15 240,14,16,1 065,1
2022,August,W32,F91,CLIENT SERVICE IRELAND,11 732,14,14,867,1
2022,February,W07,H90,CLIENT SERVICE ITA,199 491,217,244,918,1.01
2022,March,W10,H90,CLIENT SERVICE ITA,182 773,211,217,882,1.01
2022,March,W12,H90,CLIENT SERVICE ITA,184 134,206,218,904,1
2022,June,W23,H90,CLIENT SERVICE ITA,190 007,209,208,941,1.01
2022,August,W31,H90,CLIENT SERVICE ITA,167 220,187,195,914,1.03
2022,February,W06,I93,CLIENT SERVICE NETHERLAND ,40 897,47,54,843,1
2022,February,W09,I93,CLIENT SERVICE NETHERLAND ,11 331,11,12,996,1
2022,March,W09,I93,CLIENT SERVICE NETHERLAND ,28 347,33,37,946,1
2022,March,W10,I93,CLIENT SERVICE NETHERLAND ,36 888,39,49,934,1
2022,April,W17,I93,CLIENT SERVICE NETHERLAND ,31 860,37,44,952,1
2022,June,W22,I93,CLIENT SERVICE NETHERLAND ,10 839,16,23,829,1
2022,June,W23,I93,CLIENT SERVICE NETHERLAND ,26 682,35,41,935,1.02
2022,June,W25,I93,CLIENT SERVICE NETHERLAND ,38 339,39,49,973,1.02
2022,June,W26,I93,CLIENT SERVICE NETHERLAND ,41 054,46,53,876,1
2022,July,W30,I93,CLIENT SERVICE NETHERLAND ,37 343,37,42,985,1
2022,August,W35,I93,CLIENT SERVICE NETHERLAND ,27 648,26,30,1 064,1.03
2022,September,W36,I93,CLIENT SERVICE NETHERLAND ,37 651,34,43,1 056,1
2022,September,W38,I93,CLIENT SERVICE NETHERLAND ,34 240,36,44,1 001,1.02
2022,February,W09,K90,CLIENT SERVICE SPA,14 219,13,13,1 157,1.08
2022,March,W10,K90,CLIENT SERVICE SPA,57 483,61,63,975,1
2022,May,W22,K90,CLIENT SERVICE SPA,44 116,47,48,965,1.02
2022,September,W36,K90,CLIENT SERVICE SPA,44 645,41,44,1 086,1
2022,February,W05,Q92,CLIENT SERVICE SWEDEN,25 096,26,28,959,1
2022,February,W08,Q92,CLIENT SERVICE SWEDEN,17 249,16,21,1 042,1
2022,April,W17,Q92,CLIENT SERVICE SWEDEN,26 347,29,31,969,1
2022,August,W34,Q92,CLIENT SERVICE SWEDEN,22 174,18,21,1 163,1
2022,September,W35,Q92,CLIENT SERVICE SWEDEN,5 585,3,4,1 468,1
2022,September,W38,Q92,CLIENT SERVICE SWEDEN,17 871,20,25,855,1
2022,September,W39,Q92,CLIENT SERVICE SWEDEN,17 115,21,26,856,1
2022,October,W41,Q92,CLIENT SERVICE SWEDEN,15 171,11,15,1 291,1
2022,March,W10,F90,CLIENT SERVICE UK,202 463,211,239,1 028,1
2022,July,W27,F90,CLIENT SERVICE UK,287 840,294,329,1 009,1
2022,February,W06,G90,CLIENT SERVICEAUSTRIA,31 793,39,41,935,1.05
2022,June,W25,G90,CLIENT SERVICEAUSTRIA,39 267,39,45,1 076,1
2022,July,W27,G90,CLIENT SERVICEAUSTRIA,45 329,46,50,975,1
2022,July,W29,G90,CLIENT SERVICEAUSTRIA,31 430,21,22,1 470,1.05
2022,August,W32,G90,CLIENT SERVICEAUSTRIA,25 996,29,31,935,1
2022,September,W36,G90,CLIENT SERVICEAUSTRIA,28 167,36,39,839,1
2022,September,W37,G90,CLIENT SERVICEAUSTRIA,12 458,18,26,917,1
2022,September,W39,G90,CLIENT SERVICEAUSTRIA,20 575,29,33,872,1
2022,January,W01,I92,CLIENTSERVICE BELGIUM,39 907,46,49,916,1
2022,January,W03,I92,CLIENTSERVICE BELGIUM,47 059,45,53,1 005,1
2022,February,W07,I92,CLIENTSERVICE BELGIUM,31 589,37,36,923,1.03
2022,April,W16,I92,CLIENTSERVICE BELGIUM,34 079,42,46,876,1
2022,April,W17,I92,CLIENTSERVICE BELGIUM,57 988,56,60,1 038,1
2022,May,W21,I92,CLIENTSERVICE BELGIUM,51 897,45,48,1 109,1
2022,June,W22,I92,CLIENTSERVICE BELGIUM,22 798,26,30,833,1
2022,June,W24,I92,CLIENTSERVICE BELGIUM,48 245,51,61,973,1
2022,July,W31,I92,CLIENTSERVICE BELGIUM,1 186,2,2,593,1
2022,August,W32,I92,CLIENTSERVICE BELGIUM,32 876,33,35,998,1.06
2022,October,W41,I92,CLIENTSERVICE BELGIUM,30 050,36,39,813,1
2022,October,W42,I92,CLIENTSERVICE BELGIUM,13 517,12,12,1 126,1
2022,January,W02,Q91,CLIENTSERVICE FINLAND,6 310,7,9,853,1
2022,February,W08,Q91,CLIENTSERVICE FINLAND,4 964,7,7,709,1
2022,March,W10,Q91,CLIENTSERVICE FINLAND,7 883,9,10,949,1.1
2022,February,W06,I91,CLIENTSERVICE LUXEMBOURG ,4 380,5,5,876,1
2022,March,W13,I91,CLIENTSERVICE LUXEMBOURG ,726,1,1,726,1
2022,April,W14,I91,CLIENTSERVICE LUXEMBOURG ,5 321,5,5,1 064,1
2022,April,W16,I91,CLIENTSERVICE LUXEMBOURG ,5 034,4,5,1 135,1
2022,October,W41,I91,CLIENTSERVICE LUXEMBOURG ,3 970,8,7,567,1.14
2022,February,W08,Q90,Client Service Russia,109 426,150,137,821,1.02
2022,January,W01,WAT,WEB Austria,271 152,448,527,625,1.01
2022,April,W13,WAT,WEB Austria,86 760,97,99,908,1
2022,May,W19,WAT,WEB Austria,238 824,360,408,711,1
2022,May,W20,WAT,WEB Austria,236 620,319,369,776,1.01
2022,August,W31,WAT,WEB Austria,215 028,283,303,784,1.01
2022,August,W32,WBE,WEB Belgium,149 924,239,254,668,1.01
2022,August,W35,WBE,WEB Belgium,122 709,153,160,808,1.01
2022,April,W17,WDK,WEB Denmark,200 960,297,337,697,1
2022,July,W27,WDK,WEB Denmark,151 553,224,235,684,1.02
2022,July,W31,WDK,WEB Denmark,47 344,61,59,802,1.02
2022,October,W41,WDK,WEB Denmark,140 215,220,233,654,1.02
2022,January,W04,WFR,WEB FRANCE,847 235,1 723,1 873,523,1.01
2022,February,W05,WFR,WEB FRANCE,711 259,1 708,1 754,449,1.01
2022,June,W24,WFR,WEB FRANCE,790 497,1 566,1 663,537,1
2022,September,W35,WFR,WEB FRANCE,279 000,461,482,643,1.01
2022,September,W39,WFR,WEB FRANCE,735 053,1 422,1 516,544,1.01
2022,October,W42,WFR,WEB FRANCE,228 864,396,384,618,1.02
2022,February,W07,WFI,WEB Finland,98 612,151,155,686,1
2022,March,W12,WFI,WEB Finland,64 632,102,111,698,1
2022,April,W13,WFI,WEB Finland,4 685,12,16,690,1
2022,April,W16,WFI,WEB Finland,89 159,133,136,681,1
2022,June,W25,WFI,WEB Finland,84 921,123,135,698,1
2022,July,W29,WFI,WEB Finland,71 048,125,131,584,1
2022,September,W35,WFI,WEB Finland,19 690,32,33,689,1
2022,September,W39,WFI,WEB Finland,73 259,100,108,766,1.01
2022,March,W11,WDE,WEB GERMANY,1 894 577,2 780,3 474,712,1.01
2022,March,W13,WDE,WEB GERMANY,2 626 662,2 979,3 426,874,1.01
2022,June,W23,WDE,WEB GERMANY,2 177 916,3 090,3 712,728,1.01
2022,February,W07,WIT,WEB ITALY,1 366 506,1 818,1 833,775,1
2022,April,W17,WIT,WEB ITALY,1 094 586,1 354,1 419,811,1
2022,July,W27,WIT,WEB ITALY,1 078 167,1 497,1 525,741,1
2022,July,W28,WIT,WEB ITALY,765 904,1 196,1 201,671,1.01
2022,July,W31,WIT,WEB ITALY,63 434,76,76,835,1
2022,August,W32,WIT,WEB ITALY,818 579,1 209,1 227,702,1
2022,September,W39,WIT,WEB ITALY,909 749,1 327,1 361,709,1
2022,January,W05,WIE,WEB Ireland,44 500,63,66,704,1
2022,May,W20,WIE,WEB Ireland,113 923,142,156,825,1.01
2022,July,W26,WIE,WEB Ireland,8 549,12,16,778,1
2022,March,W13,WLU,WEB Luxembourg,16 624,19,20,841,1
2022,August,W31,WLU,WEB Luxembourg,15 004,25,24,721,1.13
2022,August,W32,WLU,WEB Luxembourg,10 902,16,15,727,1.07
2022,August,W33,WLU,WEB Luxembourg,15 209,22,24,673,1
2022,October,W42,WLU,WEB Luxembourg,7 095,9,10,838,1
2022,January,W04,WMO,WEB Monaco,654,2,2,327,1
2022,February,W07,WMO,WEB Monaco,-338,-1,0,,
2022,August,W35,WMO,WEB Monaco,-267,-1,0,,
2022,January,W05,WNL,WEB Netherland,168 939,254,278,686,1.01
2022,February,W07,WNL,WEB Netherland,797 271,992,1 050,806,1.01
2022,February,W08,WNL,WEB Netherland,452 482,609,683,756,1.02
2022,March,W10,WNL,WEB Netherland,407 281,612,665,685,1.01
2022,April,W13,WNL,WEB Netherland,73 326,105,115,730,1.01
2022,May,W20,WNL,WEB Netherland,311 688,458,565,686,1
2022,July,W27,WNL,WEB Netherland,415 854,624,717,692,1.01
2022,February,W07,WRU,WEB Russie,330 845,505,522,714,1.04
2022,February,W09,WRU,WEB Russie,146 711,194,187,816,1.05
2022,March,W09,WRU,WEB Russie,185 536,499,494,404,1.08
2022,March,W12,WRU,WEB Russie,-5 912,-13,1,168,1
2022,May,W21,WRU,WEB Russie,352 969,-6,0,,
2022,July,W30,WRU,WEB Russie,91 536,-3,0,,
2022,August,W31,WRU,WEB Russie,40 957,-1,0,,
2022,March,W11,WSP,WEB SPAIN,298 554,371,393,821,1
2022,May,W18,WSP,WEB SPAIN,418 069,469,494,903,1
2022,June,W24,WSP,WEB SPAIN,256 482,303,328,856,1.01
2022,July,W27,WSP,WEB SPAIN,331 380,397,422,855,1.01
2022,September,W38,WSP,WEB SPAIN,285 809,350,369,834,1.01
2022,October,W40,WSP,WEB SPAIN,342 310,413,423,858,1.01
2022,October,W41,WSA,WEB Saudi Arabia,16 043,35,43,570,1
2022,January,W04,WSE,WEB Sweden,202 250,342,387,611,1
2022,March,W09,WSE,WEB Sweden,99 699,165,194,656,1
2022,April,W13,WSE,WEB Sweden,41 852,55,59,802,1
2022,August,W33,WSE,WEB Sweden,124 916,195,222,644,1
2022,September,W36,WSE,WEB Sweden,136 112,216,252,658,1.01
2022,October,W40,WSE,WEB Sweden,140 427,220,243,665,1.01
2022,January,W02,WUK,WEB UNITED KINGDOM,1 583 141,2 460,3 497,678,1
2022,January,W04,WUK,WEB UNITED KINGDOM,2 162 507,3 233,3 714,708,1.01
2022,January,W05,WUK,WEB UNITED KINGDOM,706 259,1 072,1 139,695,1.01
2022,March,W09,WUK,WEB UNITED KINGDOM,1 527 149,2 299,2 544,717,1
2022,March,W11,WUK,WEB UNITED KINGDOM,1 734 604,2 555,2 848,735,1.01
2022,June,W22,WUK,WEB UNITED KINGDOM,194 798,293,395,695,1.01
2022,June,W25,WUK,WEB UNITED KINGDOM,1 650 617,2 491,2 861,703,1.01
2022,September,W37,WUK,WEB UNITED KINGDOM,1 366 577,2 159,2 395,677,1.01
2022,February,W05,WAE,WEB United Arab Emirates,92 309,133,138,733,1.04
2022,February,W06,WAE,WEB United Arab Emirates,205 973,289,274,795,1.04
2022,April,W15,WAE,WEB United Arab Emirates,117 485,154,155,863,1.04
2022,May,W19,WAE,WEB United Arab Emirates,139 249,168,169,883,1.05
2022,August,W32,WAE,WEB United Arab Emirates,90 033,119,115,841,1.03
2022,September,W35,WAE,WEB United Arab Emirates,46 767,62,57,830,1.09
2022,January,W02,Q93,CLIENT SERVICE DENMARK,15 834,25,28,607,1
2022,February,W07,Q93,CLIENT SERVICE DENMARK,17 670,20,19,930,1
2022,June,W22,Q93,CLIENT SERVICE DENMARK,19 744,22,23,872,1
2022,August,W31,Q93,CLIENT SERVICE DENMARK,6 769,7,9,936,1
2022,March,W10,A90,CLIENT SERVICE FRANCE,114 158,194,212,646,1.01
2022,March,W11,A90,CLIENT SERVICE FRANCE,126 948,185,208,712,1
2022,April,W17,A90,CLIENT SERVICE FRANCE,168 448,652,223,852,3.01
2022,July,W29,A90,CLIENT SERVICE FRANCE,135 000,171,185,812,1.01
2022,September,W39,A90,CLIENT SERVICE FRANCE,133 648,179,185,775,1.01
2022,March,W11,J90,CLIENT SERVICE GER,308 870,268,313,1 100,1
2022,March,W13,J90,CLIENT SERVICE GER,191 181,192,223,1 017,1.01
2022,April,W14,J90,CLIENT SERVICE GER,267 395,280,330,969,1.01
2022,September,W36,J90,CLIENT SERVICE GER,102 124,124,168,857,1.01
2022,January,W04,F91,CLIENT SERVICE IRELAND,8 683,13,17,910,1
2022,July,W28,F91,CLIENT SERVICE IRELAND,5 894,8,11,661,1
2022,August,W31,F91,CLIENT SERVICE IRELAND,8 646,8,8,1 081,1
2022,January,W02,H90,CLIENT SERVICE ITA,252 912,325,352,807,1
2022,January,W04,H90,CLIENT SERVICE ITA,291 117,355,364,842,1
2022,February,W08,H90,CLIENT SERVICE ITA,208 593,231,243,910,1
2022,March,W13,H90,CLIENT SERVICE ITA,240 827,226,231,1 083,1
2022,April,W17,H90,CLIENT SERVICE ITA,226 384,232,239,988,1
2022,June,W25,H90,CLIENT SERVICE ITA,175 970,211,213,863,1.01
2022,October,W40,A91,CLIENT SERVICE MONACO,1 292,1,1,1 292,1
2022,April,W14,I93,CLIENT SERVICE NETHERLAND ,30 450,37,47,969,1
2022,May,W20,I93,CLIENT SERVICE NETHERLAND ,22 000,34,40,763,1
2022,May,W22,I93,CLIENT SERVICE NETHERLAND ,27 616,30,32,880,1
2022,July,W28,I93,CLIENT SERVICE NETHERLAND ,33 913,32,43,1 064,1
2022,September,W39,I93,CLIENT SERVICE NETHERLAND ,59 384,59,61,1 024,1.02
2022,October,W41,I93,CLIENT SERVICE NETHERLAND ,56 207,62,65,1 010,1.02
2022,January,W03,K90,CLIENT SERVICE SPA,59 099,70,87,907,1
2022,March,W12,K90,CLIENT SERVICE SPA,51 488,53,59,983,1
2022,April,W16,K90,CLIENT SERVICE SPA,83 276,82,86,1 021,1
2022,June,W26,K90,CLIENT SERVICE SPA,47 422,50,47,1 009,1
2022,August,W35,K90,CLIENT SERVICE SPA,36 264,35,34,1 067,1
2022,September,W37,K90,CLIENT SERVICE SPA,93 955,93,93,1 072,1.03
2022,January,W02,Q92,CLIENT SERVICE SWEDEN,22 495,25,34,975,1.03
2022,April,W15,Q92,CLIENT SERVICE SWEDEN,22 641,29,33,820,1
2022,October,W42,Q92,CLIENT SERVICE SWEDEN,-816,2,2,534,1.5
2022,January,W02,F90,CLIENT SERVICE UK,157 800,212,281,824,1
2022,April,W16,F90,CLIENT SERVICE UK,262 277,280,316,982,1.01
2022,May,W20,F90,CLIENT SERVICE UK,229 363,229,284,1 015,1
2022,February,W05,G90,CLIENT SERVICEAUSTRIA,22 854,26,29,881,1.03
2022,March,W09,G90,CLIENT SERVICEAUSTRIA,14 200,12,17,1 082,1
2022,January,W04,I92,CLIENTSERVICE BELGIUM,47 249,46,52,1 031,1
2022,February,W05,I92,CLIENTSERVICE BELGIUM,19 468,26,27,775,1
2022,February,W09,I92,CLIENTSERVICE BELGIUM,9 508,9,9,1 056,1
2022,April,W14,I92,CLIENTSERVICE BELGIUM,47 466,51,58,916,1
2022,May,W20,I92,CLIENTSERVICE BELGIUM,38 815,40,44,968,1
2022,June,W23,I92,CLIENTSERVICE BELGIUM,40 405,44,51,890,1
2022,July,W30,I92,CLIENTSERVICE BELGIUM,29 388,26,30,1 035,1
2022,February,W05,Q91,CLIENTSERVICE FINLAND,6 109,6,6,1 018,1
2022,April,W14,Q91,CLIENTSERVICE FINLAND,1 411,1,1,1 411,1
2022,April,W15,Q91,CLIENTSERVICE FINLAND,3 988,8,10,777,1
2022,April,W16,Q91,CLIENTSERVICE FINLAND,3 565,2,2,1 782,1
2022,October,W40,Q91,CLIENTSERVICE FINLAND,10 923,7,7,1 560,1
2022,January,W02,I91,CLIENTSERVICE LUXEMBOURG ,5 953,6,6,992,1
2022,June,W22,I91,CLIENTSERVICE LUXEMBOURG ,1 868,4,5,698,1
2022,February,W06,Q90,Client Service Russia,120 524,147,142,919,1.06
2022,February,W07,Q90,Client Service Russia,104 599,140,132,841,1.05
2022,March,W09,WAT,WEB Austria,142 118,184,215,773,1.02
2022,March,W13,WAT,WEB Austria,184 342,233,258,785,1
2022,April,W15,WAT,WEB Austria,198 245,277,321,747,1
2022,April,W16,WAT,WEB Austria,258 256,328,359,799,1
2022,May,W21,WAT,WEB Austria,222 615,320,362,731,1
2022,June,W25,WAT,WEB Austria,205 591,281,323,766,1.01
2022,June,W26,WAT,WEB Austria,189 500,260,292,761,1.01
2022,January,W02,WBE,WEB Belgium,195 971,283,304,714,1
2022,February,W07,WBE,WEB Belgium,282 203,383,399,737,1.01
2022,July,W29,WBE,WEB Belgium,123 514,187,200,700,1.01
2022,August,W33,WBE,WEB Belgium,119 845,188,205,658,1.01
2022,September,W35,WBE,WEB Belgium,44 863,71,79,672,1
2022,September,W37,WBE,WEB Belgium,154 308,224,235,710,1
2022,October,W39,WBE,WEB Belgium,2 595,3,3,865,1
2022,June,W22,WDK,WEB Denmark,80 961,138,155,620,1
2022,February,W06,WFR,WEB FRANCE,1 061 976,2 468,2 477,463,1.01
2022,February,W09,WFR,WEB FRANCE,212 265,427,445,558,1.01
2022,April,W14,WFR,WEB FRANCE,937 426,1 651,1 746,594,1
2022,June,W25,WFR,WEB FRANCE,817 894,1 399,1 489,609,1.01
2022,August,W32,WFR,WEB FRANCE,940 104,1 501,1 583,649,1.01
2022,August,W33,WFR,WEB FRANCE,688 751,1 219,1 280,590,1.01
2022,August,W35,WFR,WEB FRANCE,468 349,856,902,583,1
2022,October,W41,WFR,WEB FRANCE,955 275,1 886,1 945,531,1.01
2022,April,W14,WFI,WEB Finland,107 181,145,156,760,1.01
2022,May,W19,WFI,WEB Finland,97 338,135,145,722,1
2022,May,W20,WFI,WEB Finland,61 517,106,123,675,1
2022,June,W23,WFI,WEB Finland,82 639,126,139,687,1
2022,September,W36,WFI,WEB Finland,87 846,114,117,790,1.01
2022,January,W03,WDE,WEB GERMANY,2 279 369,3 420,4 308,689,1.01
2022,February,W06,WDE,WEB GERMANY,2 680 968,4 219,4 881,660,1.01
2022,February,W07,WDE,WEB GERMANY,3 590 976,4 730,5 333,777,1.01
2022,August,W31,WDE,WEB GERMANY,1 808 340,2 468,3 130,774,1.01
2022,October,W41,WDE,WEB GERMANY,2 238 826,3 307,3 833,709,1.01
2022,February,W06,WIT,WEB ITALY,961 993,1 677,1 626,621,1.01
2022,March,W13,WIT,WEB ITALY,676 507,888,922,784,1.01
2022,May,W20,WIT,WEB ITALY,875 300,1 218,1 274,742,1
2022,May,W21,WIT,WEB ITALY,1 124 013,1 384,1 433,817,1.01
2022,August,W34,WIT,WEB ITALY,702 773,1 089,1 118,672,1
2022,September,W36,WIT,WEB ITALY,879 980,1 434,1 440,648,1.01
2022,September,W37,WIT,WEB ITALY,882 909,1 367,1 370,679,1.01
2022,February,W06,WIE,WEB Ireland,122 818,178,183,718,1.01
2022,March,W09,WIE,WEB Ireland,73 703,98,111,793,1
2022,June,W24,WIE,WEB Ireland,67 812,97,111,729,1
2022,July,W31,WIE,WEB Ireland,13 882,19,18,771,1
2022,January,W03,WLU,WEB Luxembourg,23 090,31,33,787,1
2022,February,W09,WLU,WEB Luxembourg,8 863,14,12,739,1
2022,April,W17,WLU,WEB Luxembourg,43 822,53,55,821,1
2022,May,W20,WLU,WEB Luxembourg,17 487,17,19,947,1
2022,May,W21,WLU,WEB Luxembourg,28 675,41,47,711,1
2022,June,W23,WLU,WEB Luxembourg,22 632,35,37,643,1
2022,July,W31,WLU,WEB Luxembourg,3 410,5,5,682,1
2022,September,W39,WLU,WEB Luxembourg,14 411,29,28,515,1
2022,June,W26,WMO,WEB Monaco,3 650,6,6,608,1
2022,January,W01,WNL,WEB Netherland,619 735,1 043,1 163,602,1.01
2022,January,W02,WNL,WEB Netherland,519 191,851,976,631,1.01
2022,February,W06,WNL,WEB Netherland,406 167,720,778,600,1.01
2022,June,W23,WNL,WEB Netherland,415 174,638,711,676,1.01
2022,July,W26,WNL,WEB Netherland,66 880,105,117,665,1.01
2022,June,W26,WNL,WEB Netherland,419 190,621,677,673,1.01
2022,July,W30,WNL,WEB Netherland,412 779,619,684,696,1.01
2022,January,W03,WRU,WEB Russie,245 322,380,391,701,1.03
2022,January,W05,WRU,WEB Russie,98 728,129,127,824,1.06
2022,April,W14,WRU,WEB Russie,89 624,-3,0,,
2022,April,W17,WRU,WEB Russie,56 920,-2,2,-11 520,1
2022,January,W02,WSP,WEB SPAIN,403 905,526,589,778,1.01
2022,March,W10,WSP,WEB SPAIN,304 576,349,376,882,1.02
2022,June,W26,WSP,WEB SPAIN,259 302,300,310,864,1
2022,January,W04,WSA,WEB Saudi Arabia,40 369,72,89,624,1.04
2022,July,W27,WSA,WEB Saudi Arabia,25 623,43,60,591,1
2022,January,W03,WSE,WEB Sweden,181 811,316,356,640,1
2022,January,W05,WSE,WEB Sweden,101 923,155,159,669,1
2022,July,W26,WSE,WEB Sweden,11 323,25,30,698,1.03
2022,January,W01,WUK,WEB UNITED KINGDOM,2 106 623,3 158,4 043,703,1
2022,April,W13,WUK,WEB UNITED KINGDOM,287 262,310,375,928,1.01
2022,June,W26,WUK,WEB UNITED KINGDOM,1 453 740,2 211,2 503,697,1
2022,August,W34,WUK,WEB UNITED KINGDOM,1 115 104,1 702,1 953,712,1.01
2022,September,W38,WUK,WEB UNITED KINGDOM,1 428 981,2 268,2 423,670,1
2022,October,W41,WUK,WEB UNITED KINGDOM,1 832 729,2 704,2 877,710,1.01
2022,January,W03,WAE,WEB United Arab Emirates,136 838,180,173,831,1.05
2022,January,W04,WAE,WEB United Arab Emirates,156 719,207,199,823,1.03
2022,July,W26,WAE,WEB United Arab Emirates,56 170,65,56,1 003,1.09
2022,July,W27,WAE,WEB United Arab Emirates,95 543,140,138,754,1.06
2022,July,W28,WAE,WEB United Arab Emirates,95 370,113,105,943,1.08
2022,July,W31,WAE,WEB United Arab Emirates,19 029,24,22,865,1.09
2022,September,W37,WAE,WEB United Arab Emirates,87 331,98,97,941,1.06
2022,January,W03,Q93,CLIENT SERVICE DENMARK,9 199,14,19,582,1
2022,January,W05,Q93,CLIENT SERVICE DENMARK,2 274,2,2,1 137,1
2022,February,W09,Q93,CLIENT SERVICE DENMARK,4 252,5,5,850,1
2022,April,W14,Q93,CLIENT SERVICE DENMARK,17 464,19,20,911,1.05
2022,July,W29,Q93,CLIENT SERVICE DENMARK,8 368,11,15,722,1
2022,September,W35,Q93,CLIENT SERVICE DENMARK,2 533,1,2,1 409,1
2022,September,W37,Q93,CLIENT SERVICE DENMARK,13 384,17,17,787,1
2022,September,W38,Q93,CLIENT SERVICE DENMARK,16 083,9,13,1 403,1
2022,October,W40,Q93,CLIENT SERVICE DENMARK,17 810,24,24,742,1
2022,January,W02,A90,CLIENT SERVICE FRANCE,133 298,220,257,655,1
2022,February,W07,A90,CLIENT SERVICE FRANCE,190 187,264,274,742,1
2022,February,W09,A90,CLIENT SERVICE FRANCE,37 429,49,57,792,1
2022,June,W25,A90,CLIENT SERVICE FRANCE,174 696,220,228,829,1.01
2022,August,W31,A90,CLIENT SERVICE FRANCE,152 666,168,180,935,1.01
2022,July,W31,A90,CLIENT SERVICE FRANCE,1 029,2,2,515,1
2022,August,W32,A90,CLIENT SERVICE FRANCE,111 692,156,175,798,1.01
2022,September,W38,A90,CLIENT SERVICE FRANCE,125 871,158,177,781,1.02
2022,March,W12,J90,CLIENT SERVICE GER,249 782,281,315,932,1.01
2022,July,W29,J90,CLIENT SERVICE GER,199 933,216,250,970,1.01
2022,July,W30,J90,CLIENT SERVICE GER,222 580,228,262,1 017,1.01
2022,August,W31,J90,CLIENT SERVICE GER,174 819,170,225,1 061,1
2022,February,W06,F91,CLIENT SERVICE IRELAND,11 309,11,12,1 000,1
2022,March,W13,F91,CLIENT SERVICE IRELAND,6 236,9,9,842,1
2022,April,W15,F91,CLIENT SERVICE IRELAND,14 711,11,13,1 296,1.08
2022,July,W29,F91,CLIENT SERVICE IRELAND,12 577,10,14,1 206,1
2022,August,W34,F91,CLIENT SERVICE IRELAND,13 003,22,22,680,1
2022,September,W36,F91,CLIENT SERVICE IRELAND,14 935,11,13,1 183,1
2022,September,W38,F91,CLIENT SERVICE IRELAND,5 195,4,6,965,1
2022,February,W06,H90,CLIENT SERVICE ITA,211 806,280,281,801,1
2022,May,W20,H90,CLIENT SERVICE ITA,197 413,218,229,917,1
2022,June,W26,H90,CLIENT SERVICE ITA,121 102,154,161,808,1.01
2022,August,W33,H90,CLIENT SERVICE ITA,83 254,99,105,864,1
2022,September,W36,H90,CLIENT SERVICE ITA,192 888,246,237,832,1.02
2022,October,W41,H90,CLIENT SERVICE ITA,223 027,271,273,859,1
2022,January,W05,I93,CLIENT SERVICE NETHERLAND ,15 008,17,21,837,1
2022,March,W13,I93,CLIENT SERVICE NETHERLAND ,19 329,28,35,746,1
2022,April,W15,I93,CLIENT SERVICE NETHERLAND ,68 347,57,61,1 138,1
2022,May,W18,I93,CLIENT SERVICE NETHERLAND ,45 269,53,62,886,1
2022,May,W19,I93,CLIENT SERVICE NETHERLAND ,69 029,50,56,1 323,1.02
2022,June,W24,I93,CLIENT SERVICE NETHERLAND ,55 041,53,60,1 014,1.08
2022,August,W32,I93,CLIENT SERVICE NETHERLAND ,37 450,36,50,940,1
2022,February,W08,K90,CLIENT SERVICE SPA,55 893,46,51,1 168,1.02
2022,April,W14,K90,CLIENT SERVICE SPA,88 471,80,82,1 103,1.01
2022,April,W15,K90,CLIENT SERVICE SPA,83 302,82,84,1 043,1.01
2022,May,W19,K90,CLIENT SERVICE SPA,72 488,73,84,1 047,1
2022,May,W21,K90,CLIENT SERVICE SPA,103 079,105,111,1 009,1
2022,August,W33,K90,CLIENT SERVICE SPA,45 797,44,45,1 106,1.02
2022,February,W09,Q92,CLIENT SERVICE SWEDEN,308,2,3,299,1
2022,June,W23,Q92,CLIENT SERVICE SWEDEN,13 028,20,22,785,1
2022,July,W27,Q92,CLIENT SERVICE SWEDEN,12 326,19,22,663,1
2022,July,W30,Q92,CLIENT SERVICE SWEDEN,28 212,26,29,1 032,1
2022,July,W31,Q92,CLIENT SERVICE SWEDEN,4 498,5,5,900,1
2022,August,W33,Q92,CLIENT SERVICE SWEDEN,8 147,6,13,1 174,1
2022,January,W01,F90,CLIENT SERVICE UK,141 438,196,253,816,1
2022,April,W15,F90,CLIENT SERVICE UK,148 074,167,205,963,1
2022,May,W21,F90,CLIENT SERVICE UK,185 690,204,203,1 166,1.23
2022,July,W29,F90,CLIENT SERVICE UK,319 191,341,360,984,1.01
2022,July,W30,F90,CLIENT SERVICE UK,278 247,274,291,1 064,1.02
2022,September,W36,F90,CLIENT SERVICE UK,200 091,216,239,977,1.01
2022,October,W42,F90,CLIENT SERVICE UK,29 800,32,42,865,1
2022,March,W11,G90,CLIENT SERVICEAUSTRIA,34 367,29,31,1 137,1
2022,April,W13,G90,CLIENT SERVICEAUSTRIA,4 512,2,4,1 306,1
2022,April,W16,G90,CLIENT SERVICEAUSTRIA,11 950,16,19,962,1
2022,May,W18,G90,CLIENT SERVICEAUSTRIA,60 113,46,46,1 315,1.02
2022,June,W24,G90,CLIENT SERVICEAUSTRIA,39 683,37,41,1 097,1.02
2022,August,W31,G90,CLIENT SERVICEAUSTRIA,25 958,25,23,1 129,1.04
2022,July,W31,G90,CLIENT SERVICEAUSTRIA,2 417,2,2,1 208,1
2022,January,W02,I92,CLIENTSERVICE BELGIUM,26 849,39,47,833,1
2022,March,W13,I92,CLIENTSERVICE BELGIUM,28 376,37,43,910,1
2022,July,W26,I92,CLIENTSERVICE BELGIUM,1 240,1,2,1 384,1
2022,September,W37,I92,CLIENTSERVICE BELGIUM,23 469,25,28,1 033,1.04
2022,January,W01,Q91,CLIENTSERVICE FINLAND,3 476,6,9,912,1
2022,February,W06,Q91,CLIENTSERVICE FINLAND,3 972,2,2,1 986,1
2022,March,W09,Q91,CLIENTSERVICE FINLAND,889,3,4,318,1
2022,June,W24,Q91,CLIENTSERVICE FINLAND,8 274,6,8,1 224,1
2022,July,W29,Q91,CLIENTSERVICE FINLAND,7 109,10,11,668,1
2022,August,W31,Q91,CLIENTSERVICE FINLAND,5 907,8,9,952,1
2022,August,W34,Q91,CLIENTSERVICE FINLAND,315,1,2,923,1
2022,September,W36,Q91,CLIENTSERVICE FINLAND,9 113,9,10,1 028,1
2022,October,W41,Q91,CLIENTSERVICE FINLAND,4 040,2,3,1 548,1
2022,January,W03,I91,CLIENTSERVICE LUXEMBOURG ,4 940,5,4,1 235,1
2022,February,W08,I91,CLIENTSERVICE LUXEMBOURG ,4 859,5,5,972,1
2022,April,W15,I91,CLIENTSERVICE LUXEMBOURG ,5 500,6,6,917,1
2022,April,W17,I91,CLIENTSERVICE LUXEMBOURG ,5 355,5,6,1 192,1
2022,June,W23,I91,CLIENTSERVICE LUXEMBOURG ,3 675,3,3,1 225,1
2022,July,W29,I91,CLIENTSERVICE LUXEMBOURG ,1 111,1,1,1 111,1
2022,July,W31,I91,CLIENTSERVICE LUXEMBOURG ,1 624,1,1,1 624,1
2022,October,W40,I91,CLIENTSERVICE LUXEMBOURG ,2 872,3,4,1 145,1
2022,February,W09,Q90,Client Service Russia,39 184,45,43,972,1.05
2022,January,W03,WAT,WEB Austria,265 276,391,435,706,1.01
2022,February,W05,WAT,WEB Austria,161 263,250,283,674,1.01
2022,April,W14,WAT,WEB Austria,291 621,397,427,786,1.01
2022,April,W17,WAT,WEB Austria,306 231,361,422,839,1.01
2022,May,W22,WAT,WEB Austria,158 645,213,222,750,1
2022,October,W42,WAT,WEB Austria,116 199,152,151,803,1.01
2022,April,W14,WBE,WEB Belgium,221 810,269,289,819,1
2022,June,W24,WBE,WEB Belgium,150 989,232,254,683,1.01
2022,February,W06,WDK,WEB Denmark,192 937,335,358,617,1.01
2022,February,W08,WDK,WEB Denmark,148 382,187,233,785,1.01
2022,April,W16,WDK,WEB Denmark,196 749,277,302,703,1
2022,May,W20,WDK,WEB Denmark,141 329,200,250,680,1
2022,August,W32,WDK,WEB Denmark,156 084,237,255,679,1.02
2022,August,W35,WDK,WEB Denmark,76 270,109,117,699,1.01
2022,September,W37,WDK,WEB Denmark,117 422,180,191,664,1.01
2022,October,W40,WDK,WEB Denmark,117 431,202,218,582,1
2022,October,W42,WDK,WEB Denmark,33 173,64,66,608,1.02
2022,January,W03,WFR,WEB FRANCE,867 562,1 797,1 978,513,1.01
2022,April,W15,WFR,WEB FRANCE,820 142,1 402,1 510,611,1.01
2022,July,W27,WFR,WEB FRANCE,896 618,1 644,1 750,565,1.01
2022,July,W28,WFR,WEB FRANCE,654 394,1 187,1 251,580,1.01
2022,July,W29,WFR,WEB FRANCE,811 852,1 370,1 467,615,1.01
2022,September,W36,WFR,WEB FRANCE,855 053,1 641,1 692,547,1.01
2022,January,W04,WFI,WEB Finland,87 612,139,153,644,1.01
2022,January,W05,WFI,WEB Finland,48 751,62,63,790,1
2022,February,W09,WFI,WEB Finland,19 351,25,27,749,1
2022,March,W10,WFI,WEB Finland,41 574,76,95,599,1
2022,April,W17,WFI,WEB Finland,91 608,124,138,767,1.01
2022,September,W38,WFI,WEB Finland,90 718,109,115,847,1
2022,October,W41,WFI,WEB Finland,70 744,110,113,661,1
2022,January,W04,WDE,WEB GERMANY,2 513 605,3 779,4 520,686,1.01
2022,July,W31,WDE,WEB GERMANY,398 865,504,518,788,1
2022,August,W33,WDE,WEB GERMANY,1 668 463,2 488,3 035,702,1.01
2022,January,W03,WIT,WEB ITALY,773 014,1 212,1 293,663,1.01
2022,February,W08,WIT,WEB ITALY,780 038,1 114,1 160,726,1.01
2022,March,W10,WIT,WEB ITALY,768 244,1 102,1 119,725,1.01
2022,May,W22,WIT,WEB ITALY,454 910,630,651,747,1.01
2022,June,W24,WIT,WEB ITALY,746 243,1 175,1 267,671,1
2022,January,W01,WIE,WEB Ireland,142 120,197,233,744,1.01
2022,May,W18,WIE,WEB Ireland,101 557,145,162,729,1
2022,June,W25,WIE,WEB Ireland,69 211,89,98,801,1.01
2022,September,W36,WIE,WEB Ireland,73 200,105,110,735,1.01
2022,March,W09,WLU,WEB Luxembourg,13 841,21,20,692,1
2022,April,W13,WLU,WEB Luxembourg,2 350,3,3,783,1
2022,April,W15,WLU,WEB Luxembourg,25 812,31,31,860,1
2022,June,W25,WLU,WEB Luxembourg,13 551,15,17,844,1
2022,July,W26,WLU,WEB Luxembourg,1 282,1,1,1 282,1
2022,July,W28,WLU,WEB Luxembourg,15 872,26,26,706,1
2022,July,W29,WLU,WEB Luxembourg,14 192,17,17,880,1
2022,August,W34,WLU,WEB Luxembourg,5 472,12,13,533,1
2022,October,W39,WLU,WEB Luxembourg,299,1,1,299,1
2022,January,W02,WMO,WEB Monaco,954,2,2,477,1
2022,February,W06,WMO,WEB Monaco,1 833,4,4,458,1
2022,July,W28,WMO,WEB Monaco,115,3,4,96,1
2022,August,W32,WMO,WEB Monaco,2 769,4,4,765,1
2022,September,W39,WMO,WEB Monaco,1 210,6,7,361,1.14
2022,January,W04,WNL,WEB Netherland,469 546,761,858,635,1.01
2022,March,W13,WNL,WEB Netherland,371 076,520,550,737,1
2022,August,W31,WNL,WEB Netherland,378 297,494,570,755,1.02
2022,August,W32,WNL,WEB Netherland,286 685,458,541,647,1.01
2022,August,W33,WNL,WEB Netherland,325 486,462,530,719,1
2022,September,W38,WNL,WEB Netherland,419 362,598,659,722,1.01
2022,October,W39,WNL,WEB Netherland,1 157,0,1,1 612,1
2022,February,W08,WRU,WEB Russie,301 017,396,401,814,1.05
2022,August,W32,WRU,WEB Russie,16 932,-1,2,-28 258,1
2022,February,W09,WSP,WEB SPAIN,79 562,99,101,840,1.01
2022,March,W13,WSP,WEB SPAIN,299 318,310,326,969,1.01
2022,April,W17,WSP,WEB SPAIN,351 991,393,438,906,1.01
2022,August,W32,WSP,WEB SPAIN,309 260,380,400,855,1.01
2022,September,W35,WSP,WEB SPAIN,72 888,104,107,747,1.01
2022,September,W39,WSP,WEB SPAIN,312 813,374,383,846,1.01
2022,January,W01,WSA,WEB Saudi Arabia,37 418,76,86,511,1.01
2022,March,W09,WSA,WEB Saudi Arabia,38 851,69,73,582,1.01
2022,March,W10,WSA,WEB Saudi Arabia,43 181,72,77,627,1
2022,April,W14,WSA,WEB Saudi Arabia,61 222,97,93,674,1.01
2022,May,W19,WSA,WEB Saudi Arabia,51 932,101,116,566,1
2022,July,W30,WSA,WEB Saudi Arabia,27 324,36,44,722,1.09
2022,July,W31,WSA,WEB Saudi Arabia,10 864,22,20,543,1.05
2022,August,W34,WSA,WEB Saudi Arabia,29 352,44,42,753,1.07
2022,September,W36,WSA,WEB Saudi Arabia,12 497,23,31,538,1
2022,March,W12,WSE,WEB Sweden,224 404,284,318,782,1
2022,April,W14,WSE,WEB Sweden,239 878,342,377,742,1
2022,April,W16,WSE,WEB Sweden,243 801,309,319,807,1
2022,May,W19,WSE,WEB Sweden,240 030,325,376,780,1.01
2022,July,W29,WSE,WEB Sweden,150 250,217,271,726,1
2022,March,W10,WUK,WEB UNITED KINGDOM,1 863 078,2 659,2 925,748,1.01
2022,April,W17,WUK,WEB UNITED KINGDOM,1 753 982,2 546,2 893,747,1.01
2022,May,W21,WUK,WEB UNITED KINGDOM,1 463 079,1 991,2 320,759,1
2022,May,W22,WUK,WEB UNITED KINGDOM,1 452 458,2 085,2 189,738,1.01
2022,July,W28,WUK,WEB UNITED KINGDOM,1 297 465,1 833,2 155,737,1.01
2022,October,W40,WUK,WEB UNITED KINGDOM,1 701 620,2 710,2 896,675,1.01
2022,January,W05,WAE,WEB United Arab Emirates,62 885,90,84,779,1.08
2022,February,W09,WAE,WEB United Arab Emirates,33 838,57,57,637,1.02
2022,April,W13,WAE,WEB United Arab Emirates,41 816,50,45,929,1.07
2022,June,W25,WAE,WEB United Arab Emirates,104 536,153,150,796,1.08
2022,May,W19,Q93,CLIENT SERVICE DENMARK,19 515,20,22,999,1.05
2022,May,W21,Q93,CLIENT SERVICE DENMARK,14 574,20,23,868,1
2022,July,W26,Q93,CLIENT SERVICE DENMARK,3 117,5,4,779,1.25
2022,July,W28,Q93,CLIENT SERVICE DENMARK,20 961,19,21,1 093,1
2022,July,W30,Q93,CLIENT SERVICE DENMARK,8 094,9,11,769,1
2022,July,W31,Q93,CLIENT SERVICE DENMARK,2 118,3,3,706,1
2022,August,W34,Q93,CLIENT SERVICE DENMARK,13 055,9,12,1 360,1
2022,September,W39,Q93,CLIENT SERVICE DENMARK,3 044,8,14,1 111,1.07
2022,January,W03,A90,CLIENT SERVICE FRANCE,144 591,232,259,640,1.01
2022,January,W05,A90,CLIENT SERVICE FRANCE,40 550,45,50,869,1
2022,October,W39,A90,CLIENT SERVICE FRANCE,12 763,17,17,751,1
2022,June,W23,J90,CLIENT SERVICE GER,165 089,175,229,954,1
2022,June,W24,J90,CLIENT SERVICE GER,270 493,259,294,1 060,1.01
2022,July,W26,J90,CLIENT SERVICE GER,47 437,40,49,1 102,1
2022,July,W28,J90,CLIENT SERVICE GER,230 291,233,259,1 008,1.01
2022,October,W42,J90,CLIENT SERVICE GER,34 366,49,64,733,1
2022,January,W05,F91,CLIENT SERVICE IRELAND,4 805,5,5,961,1
2022,February,W07,F91,CLIENT SERVICE IRELAND,7 114,5,6,1 266,1
2022,April,W13,F91,CLIENT SERVICE IRELAND,7 955,7,6,1 326,1.17
2022,May,W20,F91,CLIENT SERVICE IRELAND,26 346,25,24,1 176,1.04
2022,August,W33,F91,CLIENT SERVICE IRELAND,6 467,6,11,994,1
2022,August,W35,F91,CLIENT SERVICE IRELAND,2 902,6,5,580,1
2022,September,W35,F91,CLIENT SERVICE IRELAND,-691,1,2,1 159,1
2022,October,W41,F91,CLIENT SERVICE IRELAND,19 309,21,20,965,1.05
2022,June,W22,H90,CLIENT SERVICE ITA,90 602,91,103,1 006,1
2022,July,W29,H90,CLIENT SERVICE ITA,226 724,254,261,928,1.01
2022,July,W31,H90,CLIENT SERVICE ITA,8 734,9,9,970,1
2022,August,W32,H90,CLIENT SERVICE ITA,165 089,195,204,871,1
2022,October,W39,H90,CLIENT SERVICE ITA,832,4,4,208,1
2022,October,W40,H90,CLIENT SERVICE ITA,221 831,266,278,873,1
2022,January,W02,A91,CLIENT SERVICE MONACO,1 375,1,1,1 375,1
2022,September,W39,A91,CLIENT SERVICE MONACO,225,1,1,225,1
2022,February,W05,I93,CLIENT SERVICE NETHERLAND ,15 636,32,42,624,1
2022,March,W11,I93,CLIENT SERVICE NETHERLAND ,28 137,45,50,648,1
2022,July,W26,I93,CLIENT SERVICE NETHERLAND ,7 967,8,9,911,1
2022,January,W04,K90,CLIENT SERVICE SPA,58 372,62,70,953,1
2022,February,W05,K90,CLIENT SERVICE SPA,78 959,41,39,2 163,1.18
2022,February,W06,K90,CLIENT SERVICE SPA,52 690,61,65,897,1
2022,May,W18,K90,CLIENT SERVICE SPA,98 124,81,97,1 199,1
2022,May,W20,K90,CLIENT SERVICE SPA,96 702,85,88,1 136,1
2022,June,W25,K90,CLIENT SERVICE SPA,87 219,76,84,1 092,1.01
2022,July,W27,K90,CLIENT SERVICE SPA,61 950,58,60,1 103,1.02
2022,September,W35,K90,CLIENT SERVICE SPA,10 979,12,13,988,1.08
2022,September,W38,K90,CLIENT SERVICE SPA,75 116,70,71,1 085,1.03
2022,January,W01,Q92,CLIENT SERVICE SWEDEN,24 847,28,37,881,1
2022,January,W03,Q92,CLIENT SERVICE SWEDEN,13 474,20,22,681,1
2022,March,W10,Q92,CLIENT SERVICE SWEDEN,15 846,20,23,807,1
2022,March,W13,Q92,CLIENT SERVICE SWEDEN,33 224,27,32,1 140,1
2022,May,W18,Q92,CLIENT SERVICE SWEDEN,19 238,20,23,1 024,1
2022,May,W21,Q92,CLIENT SERVICE SWEDEN,32 095,37,39,949,1.03
2022,July,W28,Q92,CLIENT SERVICE SWEDEN,12 061,13,20,970,1
2022,September,W36,Q92,CLIENT SERVICE SWEDEN,8 062,14,16,594,1
2022,January,W03,F90,CLIENT SERVICE UK,244 311,282,327,901,1
2022,February,W06,F90,CLIENT SERVICE UK,159 864,191,215,910,1
2022,February,W07,F90,CLIENT SERVICE UK,224 345,224,262,1 022,1
2022,February,W09,F90,CLIENT SERVICE UK,26 021,32,35,872,1
2022,March,W12,F90,CLIENT SERVICE UK,288 340,287,313,1 044,1.01
2022,April,W14,F90,CLIENT SERVICE UK,235 446,243,288,1 029,1.01
2022,June,W24,F90,CLIENT SERVICE UK,261 217,261,290,1 018,1
2022,September,W37,F90,CLIENT SERVICE UK,216 455,219,258,1 004,1
2022,February,W08,G90,CLIENT SERVICEAUSTRIA,18 397,22,26,882,1
2022,April,W15,G90,CLIENT SERVICEAUSTRIA,25 100,27,33,879,1
2022,May,W22,G90,CLIENT SERVICEAUSTRIA,13 402,15,17,832,1
2022,August,W33,G90,CLIENT SERVICEAUSTRIA,29 304,34,34,938,1.03
2022,August,W35,G90,CLIENT SERVICEAUSTRIA,20 562,18,23,1 103,1
2022,September,W38,G90,CLIENT SERVICEAUSTRIA,30 738,27,27,1 148,1
2022,March,W10,I92,CLIENTSERVICE BELGIUM,34 996,43,44,882,1.05
2022,April,W13,I92,CLIENTSERVICE BELGIUM,8 376,8,11,872,1
2022,June,W25,I92,CLIENTSERVICE BELGIUM,38 059,40,44,932,1
2022,September,W36,I92,CLIENTSERVICE BELGIUM,50 386,43,46,1 142,1
2022,October,W39,I92,CLIENTSERVICE BELGIUM,4 628,2,2,2 314,1
2022,September,W39,I92,CLIENTSERVICE BELGIUM,24 674,33,43,838,1
2022,October,W40,I92,CLIENTSERVICE BELGIUM,33 422,29,31,1 175,1
2022,April,W13,Q91,CLIENTSERVICE FINLAND,3 786,3,3,1 262,1
2022,May,W18,Q91,CLIENTSERVICE FINLAND,11 677,10,10,1 168,1
2022,May,W19,Q91,CLIENTSERVICE FINLAND,5 524,5,5,1 105,1
2022,May,W20,Q91,CLIENTSERVICE FINLAND,9 052,11,12,835,1
2022,May,W22,Q91,CLIENTSERVICE FINLAND,2 802,4,4,701,1
2022,September,W38,Q91,CLIENTSERVICE FINLAND,6 895,8,9,936,1
2022,February,W05,I91,CLIENTSERVICE LUXEMBOURG ,1 645,4,4,411,1
2022,March,W12,I91,CLIENTSERVICE LUXEMBOURG ,2 051,2,2,1 026,1
2022,May,W18,I91,CLIENTSERVICE LUXEMBOURG ,7 658,4,5,1 692,1
2022,May,W21,I91,CLIENTSERVICE LUXEMBOURG ,4 205,5,5,841,1
2022,July,W26,I91,CLIENTSERVICE LUXEMBOURG ,1 197,1,1,1 197,1
2022,July,W27,I91,CLIENTSERVICE LUXEMBOURG ,-3 936,1,2,340,1
2022,August,W34,I91,CLIENTSERVICE LUXEMBOURG ,2 979,5,5,596,1
2022,August,W35,I91,CLIENTSERVICE LUXEMBOURG ,4 303,3,2,2 152,1.5
2022,September,W38,I91,CLIENTSERVICE LUXEMBOURG ,4 231,3,3,1 410,1
2022,September,W39,I91,CLIENTSERVICE LUXEMBOURG ,397,1,1,397,1
2022,January,W02,Q90,Client Service Russia,161 273,165,183,1 029,1.02
2022,January,W03,Q90,Client Service Russia,116 920,134,143,926,1.05
2022,March,W09,Q90,Client Service Russia,49 315,102,109,509,1.06
2022,January,W02,WAT,WEB Austria,257 429,379,464,689,1
2022,January,W04,WAT,WEB Austria,246 263,404,445,662,1.01
2022,March,W11,WAT,WEB Austria,188 824,275,314,730,1.01
2022,July,W26,WAT,WEB Austria,37 361,58,62,667,1
2022,July,W31,WAT,WEB Austria,35 359,43,43,822,1
2022,August,W35,WAT,WEB Austria,139 623,196,212,739,1
2022,September,W35,WAT,WEB Austria,65 341,84,92,822,1
2022,September,W38,WAT,WEB Austria,264 726,352,389,786,1.01
2022,September,W39,WAT,WEB Austria,254 790,374,393,719,1.01
2022,February,W05,WBE,WEB Belgium,108 541,228,252,539,1.01
2022,March,W09,WBE,WEB Belgium,121 139,174,174,747,1.03
2022,April,W17,WBE,WEB Belgium,217 924,308,338,724,1
2022,May,W19,WBE,WEB Belgium,180 063,261,285,711,1
2022,July,W28,WBE,WEB Belgium,101 698,146,166,725,1
2022,August,W31,WBE,WEB Belgium,123 944,180,206,707,1
2022,August,W34,WBE,WEB Belgium,128 166,192,202,699,1
2022,September,W36,WBE,WEB Belgium,124 158,227,239,595,1.02
2022,September,W38,WBE,WEB Belgium,133 508,211,226,672,1
2022,October,W40,WBE,WEB Belgium,125 893,225,236,598,1
2022,January,W03,WDK,WEB Denmark,188 236,291,334,667,1.01
2022,February,W09,WDK,WEB Denmark,49 312,71,77,711,1
2022,March,W11,WDK,WEB Denmark,161 758,231,264,726,1
2022,April,W13,WDK,WEB Denmark,31 229,56,60,616,1
2022,September,W35,WDK,WEB Denmark,44 256,68,74,627,1
2022,September,W38,WDK,WEB Denmark,101 645,161,186,652,1.03
2022,February,W07,WFR,WEB FRANCE,1 417 925,2 398,2 503,600,1.01
2022,February,W08,WFR,WEB FRANCE,775 251,1 318,1 509,589,1.01
2022,March,W10,WFR,WEB FRANCE,870 221,1 568,1 643,575,1
2022,May,W18,WFR,WEB FRANCE,1 070 628,1 866,1 947,595,1
2022,May,W21,WFR,WEB FRANCE,867 416,1 549,1 633,590,1
2022,May,W22,WFR,WEB FRANCE,443 952,855,892,544,1
2022,October,W40,WFR,WEB FRANCE,859 847,1 691,1 758,537,1
2022,May,W18,WFI,WEB Finland,120 940,162,166,771,1.01
2022,July,W31,WFI,WEB Finland,15 913,31,29,549,1.03
2022,October,W42,WFI,WEB Finland,33 480,39,41,861,1
2022,February,W08,WDE,WEB GERMANY,2 210 383,3 025,3 830,733,1.01
2022,March,W09,WDE,WEB GERMANY,1 402 690,1 873,2 416,751,1.01
2022,March,W12,WDE,WEB GERMANY,2 067 853,2 734,3 356,761,1.01
2022,April,W13,WDE,WEB GERMANY,474 132,604,741,818,1.01
2022,May,W19,WDE,WEB GERMANY,2 538 331,3 429,4 183,767,1.01
2022,May,W21,WDE,WEB GERMANY,2 726 813,3 513,4 157,793,1.01
2022,June,W22,WDE,WEB GERMANY,1 140 121,1 486,2 020,763,1.01
2022,June,W25,WDE,WEB GERMANY,2 205 988,2 949,3 663,749,1.01
2022,July,W26,WDE,WEB GERMANY,241 630,375,468,688,1.01
2022,August,W35,WDE,WEB GERMANY,1 555 457,2 037,2 293,784,1.01
2022,October,W40,WDE,WEB GERMANY,1 864 170,2 750,3 196,710,1.01
2022,January,W01,WIT,WEB ITALY,912 848,1 434,1 562,668,1.01
2022,February,W09,WIT,WEB ITALY,219 187,314,312,730,1
2022,April,W16,WIT,WEB ITALY,829 845,1 060,1 093,806,1
2022,July,W26,WIT,WEB ITALY,117 343,169,180,724,1.01
2022,June,W26,WIT,WEB ITALY,697 781,958,999,743,1.01
2022,September,W38,WIT,WEB ITALY,834 039,1 224,1 223,718,1.01
2022,October,W41,WIT,WEB ITALY,980 415,1 416,1 455,717,1
2022,January,W02,WIE,WEB Ireland,163 968,202,236,832,1.03
2022,February,W09,WIE,WEB Ireland,52 659,60,60,878,1
2022,March,W12,WIE,WEB Ireland,125 357,141,142,922,1.01
2022,April,W13,WIE,WEB Ireland,26 020,29,39,926,1
2022,May,W19,WIE,WEB Ireland,99 060,122,136,839,1.01
2022,September,W37,WIE,WEB Ireland,77 056,117,120,706,1.03
2022,September,W39,WIE,WEB Ireland,74 358,98,104,782,1.01
2022,March,W12,WLU,WEB Luxembourg,14 663,22,21,698,1
2022,October,W40,WLU,WEB Luxembourg,23 601,38,39,756,1.03
2022,August,W31,WMO,WEB Monaco,1 883,2,2,942,1
2022,August,W34,WMO,WEB Monaco,6 058,4,4,1 515,1
2022,January,W03,WNL,WEB Netherland,440 604,700,792,641,1.01
2022,February,W09,WNL,WEB Netherland,140 565,205,205,709,1.01
2022,May,W22,WNL,WEB Netherland,270 699,400,424,678,1
2022,June,W24,WNL,WEB Netherland,441 514,598,703,721,1.01
2022,July,W28,WNL,WEB Netherland,353 215,496,578,701,1
2022,July,W29,WNL,WEB Netherland,341 385,535,616,661,1.01
2022,September,W39,WNL,WEB Netherland,442 555,595,655,746,1.01
2022,October,W41,WNL,WEB Netherland,484 063,676,729,735,1
2022,January,W02,WRU,WEB Russie,432 956,615,624,768,1.05
2022,April,W13,WRU,WEB Russie,48 660,-1,0,,
2022,July,W28,WRU,WEB Russie,39 052,-1,1,-63 206,1
2022,August,W34,WRU,WEB Russie,40 957,-1,1,-28 144,1
2022,January,W04,WSP,WEB SPAIN,355 508,478,512,761,1.02
2022,February,W05,WSP,WEB SPAIN,189 077,279,302,722,1.01
2022,March,W12,WSP,WEB SPAIN,245 176,309,319,816,1.02
2022,May,W20,WSP,WEB SPAIN,299 876,383,402,814,1.01
2022,May,W22,WSP,WEB SPAIN,161 884,179,199,883,1
2022,June,W25,WSP,WEB SPAIN,218 988,273,311,815,1
2022,August,W34,WSP,WEB SPAIN,243 597,276,300,902,1.01
2022,August,W35,WSP,WEB SPAIN,263 198,277,286,949,1.01
2022,September,W37,WSP,WEB SPAIN,370 307,481,488,805,1.01
2022,January,W03,WSA,WEB Saudi Arabia,59 081,107,99,597,1.01
2022,April,W16,WSA,WEB Saudi Arabia,109 297,176,173,657,1.05
2022,June,W25,WSA,WEB Saudi Arabia,58 644,91,92,667,1.05
2022,July,W28,WSA,WEB Saudi Arabia,34 410,52,53,657,1
2022,July,W29,WSA,WEB Saudi Arabia,48 174,84,81,607,1.04
2022,September,W35,WSA,WEB Saudi Arabia,18 787,28,26,723,1
2022,October,W39,WSA,WEB Saudi Arabia,20 850,18,17,1 226,1.06
2022,February,W07,WSE,WEB Sweden,249 236,359,378,727,1.01
2022,March,W11,WSE,WEB Sweden,174 567,235,277,744,1.01
2022,June,W22,WSE,WEB Sweden,95 608,163,191,649,1.01
2022,September,W37,WSE,WEB Sweden,139 600,237,273,635,1
2022,October,W41,WSE,WEB Sweden,151 516,249,271,626,1
2022,February,W07,WUK,WEB UNITED KINGDOM,2 961 504,3 934,4 226,780,1.01
2022,April,W15,WUK,WEB UNITED KINGDOM,1 428 570,2 056,2 346,748,1
2022,August,W32,WUK,WEB UNITED KINGDOM,1 715 093,2 559,2 865,705,1
2022,October,W42,WUK,WEB UNITED KINGDOM,246 571,375,422,718,1.01
2022,March,W13,WAE,WEB United Arab Emirates,121 698,149,150,904,1.06
2022,April,W17,WAE,WEB United Arab Emirates,211 177,260,245,868,1.04
2022,June,W22,WAE,WEB United Arab Emirates,82 013,88,90,996,1
2022,August,W35,WAE,WEB United Arab Emirates,45 655,70,70,720,1.03
2022,September,W38,WAE,WEB United Arab Emirates,58 273,80,83,767,1.06
2022,October,W41,WAE,WEB United Arab Emirates,80 495,105,108,806,1.01
2022,October,W42,WAE,WEB United Arab Emirates,27 658,35,33,838,1
2022,September,W36,Q93,CLIENT SERVICE DENMARK,16 298,20,19,858,1.05
2022,October,W41,Q93,CLIENT SERVICE DENMARK,9 177,9,12,997,1
2022,October,W42,Q93,CLIENT SERVICE DENMARK,1 904,2,2,952,1
2022,January,W04,A90,CLIENT SERVICE FRANCE,189 390,250,271,809,1.01
2022,February,W06,A90,CLIENT SERVICE FRANCE,135 567,213,225,679,1.01
2022,March,W13,A90,CLIENT SERVICE FRANCE,117 134,139,146,860,1.01
2022,April,W15,A90,CLIENT SERVICE FRANCE,161 039,244,217,815,1.17
2022,April,W16,A90,CLIENT SERVICE FRANCE,126 176,165,179,833,1
2022,May,W18,A90,CLIENT SERVICE FRANCE,186 471,214,234,898,1
2022,June,W23,A90,CLIENT SERVICE FRANCE,144 740,206,220,759,1.01
2022,July,W30,A90,CLIENT SERVICE FRANCE,115 024,147,169,765,1
2022,October,W41,A90,CLIENT SERVICE FRANCE,158 687,246,259,668,1.01
2022,January,W05,J90,CLIENT SERVICE GER,82 189,71,87,1 140,1
2022,February,W08,J90,CLIENT SERVICE GER,260 282,266,336,997,1
2022,June,W25,J90,CLIENT SERVICE GER,164 744,185,229,956,1
2022,October,W39,J90,CLIENT SERVICE GER,-1 908,-1,0,,
2022,October,W41,J90,CLIENT SERVICE GER,239 030,240,274,998,1.02
2022,January,W01,F91,CLIENT SERVICE IRELAND,8 322,19,22,708,1
2022,January,W03,F91,CLIENT SERVICE IRELAND,8 720,11,11,793,1
2022,February,W09,F91,CLIENT SERVICE IRELAND,707,2,2,354,1
2022,April,W17,F91,CLIENT SERVICE IRELAND,18 228,15,16,1 154,1
2022,May,W21,F91,CLIENT SERVICE IRELAND,19 341,19,24,1 006,1
2022,May,W22,F91,CLIENT SERVICE IRELAND,9 512,4,6,2 012,1
2022,June,W26,F91,CLIENT SERVICE IRELAND,11 073,15,15,776,1
2022,September,W39,F91,CLIENT SERVICE IRELAND,3 020,9,12,784,1
2022,February,W05,H90,CLIENT SERVICE ITA,270 429,248,245,1 162,1.1
2022,March,W09,H90,CLIENT SERVICE ITA,160 876,157,177,1 004,1.01
2022,April,W14,H90,CLIENT SERVICE ITA,263 212,276,281,985,1
2022,April,W15,H90,CLIENT SERVICE ITA,210 724,217,232,976,1.01
2022,April,W16,H90,CLIENT SERVICE ITA,149 938,159,163,961,1.02
2022,May,W19,H90,CLIENT SERVICE ITA,216 130,212,221,1 034,1
2022,June,W24,H90,CLIENT SERVICE ITA,153 794,186,197,876,1
2022,July,W27,A91,CLIENT SERVICE MONACO,158,1,1,158,1
2022,January,W03,I93,CLIENT SERVICE NETHERLAND ,45 749,59,67,855,1
2022,March,W12,I93,CLIENT SERVICE NETHERLAND ,53 897,57,59,957,1
2022,April,W17,K90,CLIENT SERVICE SPA,104 955,105,106,1 027,1.02
2022,August,W32,K90,CLIENT SERVICE SPA,78 033,60,62,1 321,1.02
2022,September,W39,K90,CLIENT SERVICE SPA,54 393,54,60,995,1
2022,May,W19,Q92,CLIENT SERVICE SWEDEN,31 774,28,31,1 136,1
2022,June,W22,Q92,CLIENT SERVICE SWEDEN,16 648,19,21,816,1
2022,May,W22,Q92,CLIENT SERVICE SWEDEN,21 595,19,20,1 135,1
2022,June,W24,Q92,CLIENT SERVICE SWEDEN,21 649,32,36,751,1
2022,August,W31,Q92,CLIENT SERVICE SWEDEN,27 716,18,19,1 542,1
2022,May,W19,F90,CLIENT SERVICE UK,281 828,277,318,1 051,1.01
2022,May,W22,F90,CLIENT SERVICE UK,220 989,212,236,1 048,1
2022,August,W32,F90,CLIENT SERVICE UK,232 676,237,268,1 032,1.01
2022,August,W33,F90,CLIENT SERVICE UK,228 011,228,257,1 009,1.01
2022,August,W35,F90,CLIENT SERVICE UK,183 935,149,159,1 231,1.01
2022,September,W35,F90,CLIENT SERVICE UK,69 711,71,90,976,1.02
2022,January,W01,G90,CLIENT SERVICEAUSTRIA,24 883,35,51,804,1
2022,January,W03,G90,CLIENT SERVICEAUSTRIA,30 804,35,41,846,1
2022,January,W04,G90,CLIENT SERVICEAUSTRIA,40 071,40,46,1 076,1
2022,April,W14,G90,CLIENT SERVICEAUSTRIA,34 812,36,37,1 029,1.08
2022,May,W20,G90,CLIENT SERVICEAUSTRIA,35 608,37,40,960,1
2022,August,W34,G90,CLIENT SERVICEAUSTRIA,41 467,39,43,1 085,1
2022,February,W06,I92,CLIENTSERVICE BELGIUM,35 087,48,52,750,1
2022,March,W11,I92,CLIENTSERVICE BELGIUM,40 462,44,45,1 049,1.02
2022,March,W12,I92,CLIENTSERVICE BELGIUM,53 145,51,54,1 116,1
2022,August,W31,I92,CLIENTSERVICE BELGIUM,42 868,40,40,1 087,1.03
2022,January,W03,Q91,CLIENTSERVICE FINLAND,5 270,9,10,761,1
2022,January,W04,Q91,CLIENTSERVICE FINLAND,9 879,14,15,678,1
2022,March,W12,Q91,CLIENTSERVICE FINLAND,6 827,5,5,1 365,1
2022,June,W22,Q91,CLIENTSERVICE FINLAND,968,1,1,968,1
2022,June,W23,Q91,CLIENTSERVICE FINLAND,4 226,3,3,1 409,1
2022,June,W25,Q91,CLIENTSERVICE FINLAND,8 573,7,9,1 208,1
2022,June,W26,Q91,CLIENTSERVICE FINLAND,7 363,7,7,1 052,1
2022,July,W27,Q91,CLIENTSERVICE FINLAND,4 589,9,9,510,1
2022,July,W30,Q91,CLIENTSERVICE FINLAND,6 008,4,4,1 502,1
2022,May,W20,I91,CLIENTSERVICE LUXEMBOURG ,338,3,4,490,1
2022,June,W24,I91,CLIENTSERVICE LUXEMBOURG ,11 598,10,11,1 185,1
2022,July,W30,I91,CLIENTSERVICE LUXEMBOURG ,1 047,1,2,1 079,1
2022,August,W32,I91,CLIENTSERVICE LUXEMBOURG ,2 949,2,2,1 474,1
2022,January,W01,Q90,Client Service Russia,14 288,16,10,1 422,1.1
2022,February,W05,Q90,Client Service Russia,79 105,99,100,903,1.02
2022,October,W41,Q90,Client Service Russia,-1 046,-1,0,,
2022,June,W23,WAT,WEB Austria,266 339,352,378,773,1.01
2022,August,W32,WAT,WEB Austria,232 986,356,391,693,1.01
2022,August,W33,WAT,WEB Austria,186 485,281,299,694,1.01
2022,October,W41,WAT,WEB Austria,277 854,434,457,676,1
2022,March,W11,WBE,WEB Belgium,151 708,233,251,685,1.01
2022,April,W15,WBE,WEB Belgium,161 330,217,233,771,1.01
2022,May,W18,WBE,WEB Belgium,244 385,346,370,737,1.01
2022,June,W23,WBE,WEB Belgium,201 095,311,324,663,1
2022,July,W31,WBE,WEB Belgium,19 273,24,24,803,1
2022,March,W10,WDK,WEB Denmark,129 957,207,246,642,1
2022,March,W12,WDK,WEB Denmark,170 046,227,243,761,1.01
2022,April,W14,WDK,WEB Denmark,210 345,294,318,727,1
2022,May,W19,WDK,WEB Denmark,178 434,271,310,691,1.01
2022,June,W25,WDK,WEB Denmark,117 420,159,193,731,1.01
2022,June,W26,WDK,WEB Denmark,87 073,134,152,656,1
2022,July,W28,WDK,WEB Denmark,100 391,152,174,688,1
2022,August,W33,WDK,WEB Denmark,105 597,176,200,623,1.01
2022,January,W02,WFR,WEB FRANCE,916 481,1 871,2 056,509,1.01
2022,July,W26,WFR,WEB FRANCE,191 771,336,352,588,1.01
2022,August,W34,WFR,WEB FRANCE,702 711,1 251,1 310,588,1.02
2022,February,W06,WFI,WEB Finland,76 557,132,140,592,1
2022,June,W22,WFI,WEB Finland,38 649,57,63,663,1
2022,June,W26,WFI,WEB Finland,60 525,80,89,783,1
2022,July,W30,WFI,WEB Finland,78 395,122,125,651,1
2022,August,W31,WFI,WEB Finland,75 398,126,132,633,1.01
2022,October,W40,WFI,WEB Finland,80 698,101,102,819,1
2022,April,W14,WDE,WEB GERMANY,2 890 946,3 912,4 534,768,1.01
2022,April,W16,WDE,WEB GERMANY,2 571 108,3 406,3 844,773,1.01
2022,May,W20,WDE,WEB GERMANY,2 223 165,3 188,3 912,736,1.01
2022,June,W26,WDE,WEB GERMANY,1 801 421,2 494,2 978,741,1.01
2022,August,W32,WDE,WEB GERMANY,1 881 837,2 764,3 305,715,1.01
2022,September,W35,WDE,WEB GERMANY,508 432,744,888,707,1.01
2022,September,W37,WDE,WEB GERMANY,2 170 260,3 206,3 733,708,1.01
2022,February,W05,WIT,WEB ITALY,692 673,1 194,1 184,618,1
2022,March,W11,WIT,WEB ITALY,690 831,1 047,1 056,690,1
2022,March,W12,WIT,WEB ITALY,697 964,1 001,1 038,727,1
2022,April,W14,WIT,WEB ITALY,1 249 925,1 623,1 643,793,1
2022,April,W15,WIT,WEB ITALY,983 571,1 240,1 302,809,1.01
2022,June,W23,WIT,WEB ITALY,904 379,1 306,1 348,712,1
2022,October,W39,WIT,WEB ITALY,13 045,18,18,725,1
2022,October,W40,WIT,WEB ITALY,1 035 441,1 463,1 493,731,1
2022,March,W11,WIE,WEB Ireland,95 175,112,124,844,1
2022,April,W15,WIE,WEB Ireland,123 174,155,170,803,1.01
2022,May,W21,WIE,WEB Ireland,95 857,117,127,850,1
2022,June,W23,WIE,WEB Ireland,76 467,102,105,775,1.01
2022,July,W27,WIE,WEB Ireland,67 838,97,102,733,1
2022,August,W32,WIE,WEB Ireland,75 561,117,127,704,1
2022,August,W33,WIE,WEB Ireland,84 693,122,125,731,1.01
2022,October,W41,WIE,WEB Ireland,89 205,126,129,747,1
2022,October,W42,WIE,WEB Ireland,28 715,45,49,681,1.02
2022,February,W06,WLU,WEB Luxembourg,22 966,45,45,584,1
2022,February,W07,WLU,WEB Luxembourg,28 112,36,38,778,1
2022,March,W10,WLU,WEB Luxembourg,20 705,21,23,956,1
2022,April,W14,WLU,WEB Luxembourg,17 909,18,20,936,1
2022,May,W18,WLU,WEB Luxembourg,39 091,58,57,743,1.04
2022,May,W19,WLU,WEB Luxembourg,18 209,23,29,827,1
2022,June,W24,WLU,WEB Luxembourg,11 804,26,29,555,1
2022,September,W38,WLU,WEB Luxembourg,17 910,21,18,995,1
2022,October,W41,WLU,WEB Luxembourg,20 063,27,27,808,1
2022,February,W08,WMO,WEB Monaco,917,1,1,917,1
2022,May,W19,WMO,WEB Monaco,2 758,4,3,919,1
2022,May,W20,WMO,WEB Monaco,-575,-1,0,,
2022,May,W22,WMO,WEB Monaco,558,1,1,558,1
2022,April,W14,WNL,WEB Netherland,482 075,671,726,736,1.02
2022,May,W19,WNL,WEB Netherland,434 500,641,720,696,1.01
2022,June,W22,WNL,WEB Netherland,247 048,348,402,693,1
2022,July,W31,WNL,WEB Netherland,56 257,81,81,695,1
2022,September,W37,WNL,WEB Netherland,413 694,575,630,718,1.01
2022,October,W40,WNL,WEB Netherland,442 383,611,664,741,1.01
2022,October,W42,WNL,WEB Netherland,181 495,227,228,824,1.02
2022,January,W04,WRU,WEB Russie,214 930,317,347,726,1.03
2022,March,W11,WRU,WEB Russie,-1 943,-10,5,333,1
2022,April,W15,WRU,WEB Russie,40 512,-1,1,-53 865,1
2022,May,W22,WRU,WEB Russie,52 072,-1,3,-38 340,1
2022,July,W29,WRU,WEB Russie,96 299,-3,3,-15 884,1
2022,August,W35,WRU,WEB Russie,120 126,-3,0,,
2022,January,W05,WSP,WEB SPAIN,110 963,147,153,785,1.01
2022,February,W07,WSP,WEB SPAIN,483 199,560,581,885,1.02
2022,June,W23,WSP,WEB SPAIN,286 548,354,385,828,1.01
2022,July,W28,WSP,WEB SPAIN,288 999,342,354,879,1.01
2022,August,W33,WSP,WEB SPAIN,239 737,314,321,821,1.02
2022,September,W36,WSP,WEB SPAIN,274 643,355,364,797,1.01
2022,February,W08,WSA,WEB Saudi Arabia,59 152,75,86,744,1.01
2022,August,W35,WSA,WEB Saudi Arabia,36 373,42,44,859,1.02
2022,September,W38,WSA,WEB Saudi Arabia,9 996,27,34,446,1
2022,February,W09,WSE,WEB Sweden,57 085,88,95,665,1
2022,April,W15,WSE,WEB Sweden,225 520,309,345,755,1
2022,June,W24,WSE,WEB Sweden,166 660,255,297,643,1.01
2022,June,W25,WSE,WEB Sweden,174 363,265,305,681,1.01
2022,August,W31,WSE,WEB Sweden,141 827,204,246,721,1
2022,September,W35,WSE,WEB Sweden,58 170,71,80,794,1
2022,September,W38,WSE,WEB Sweden,132 397,197,236,702,1.01
2022,September,W39,WSE,WEB Sweden,145 246,250,273,623,1
2022,October,W42,WSE,WEB Sweden,73 792,83,91,867,1
2022,January,W03,WUK,WEB UNITED KINGDOM,2 295 057,3 252,3 792,732,1.01
2022,February,W09,WUK,WEB UNITED KINGDOM,284 152,377,479,796,1
2022,March,W13,WUK,WEB UNITED KINGDOM,1 744 741,2 322,2 583,789,1
2022,May,W18,WUK,WEB UNITED KINGDOM,1 971 272,2 777,3 054,754,1
2022,June,W23,WUK,WEB UNITED KINGDOM,2 400 575,3 608,3 973,702,1
2022,July,W29,WUK,WEB UNITED KINGDOM,1 973 169,2 848,3 132,721,1.01
2022,January,W01,WAE,WEB United Arab Emirates,182 599,242,243,814,1.05
2022,June,W24,WAE,WEB United Arab Emirates,111 718,154,146,803,1.02
2022,June,W26,WAE,WEB United Arab Emirates,101 560,147,141,772,1.07
2022,August,W31,WAE,WEB United Arab Emirates,83 607,112,108,801,1.04
2022,August,W34,WAE,WEB United Arab Emirates,90 425,103,105,946,1.05
2022,October,W39,WAE,WEB United Arab Emirates,11 898,18,17,700,1.06
